title,stars,normal_price,discount,special_price
SanDisk A1 32GB UHS-I / Class 10 up to 98MB / s Micro SDHC Memory Card EFM-530161,(4),$12.09 ,44%,$6.72
18g Super Strong Sealant Fix Metal Adhesive Sealing Glue Bond HHI-557389,(4),$3.76 ,63%,$1.40
64GB USB 2.0 Flash Drive USB Pen Drive U Disk EFM-561923,(3),$19.08 ,66%,$6.42
1/2/4 pcs Original Xiaomi WIFI Amplifier 2 300Mbps Wireless Wi-Fi Extender E-523361,(40),$17.88 ,,$7.98
"8.5"" LCD Writing Tablet of Environmental Protection Drawing Board Gifts f Kids TTH-530169",(13),$18.09 ,58%,$7.63
ESTRELLA  32G USB2.0 High Speed Mini Flash Drive Waterproof USB EUD-555514,(4),$13.87 ,,$5.45
128GB PU Leather USB 3.0 Flash Drive ECA-564315,(1),$19.04 ,,$14.15
H96 MAX RK3328 Quad Core 4G + 32G Android 8.1 HD Smart TV Box E-556636,(0),$125.82 ,,$50.33
SanDisk A1 64GB UHS-I / Class 10 up to 98MB / s Micro SDHC Memory Card EFM-530162,(4),$19.66 ,44%,$11.05
M3 Smart bracelet Color Screen Band Heart Rate Monitor Blood pressure E-556947,(5),$18.95 ,,$9.78
1/2/5/10 pcs Teflon Gas Hob Oil Protector Liner Reusable Stove Clean Mat Pad HHI-549769,(5),$4.38 ,74%,$1.16
i7 TWS Bluetooth V4.2 Earphones with Charging Case EEP-550657-C9,(2),$18.96 ,60%,$7.63
Mini 1200LM LED USB Rechargeable Tactical Flashlight HLT-521145-C3,(26),$13.24 ,67%,$4.41
6pcs 6-Layer Razor Blades + Shaver Handle HHI-557375,(5),$6.66 ,,$3.32
H96 MAX RK3328 Quad Core 4GB + 64GB Android 8.1 HD Smart TV Box E-556632,(1),$150.05 ,60%,$59.29
1/2/5 pcs 220-240V E27 18W 1650LM 56-LED SMD 5630 LED Corn Bulb HLT-363829-D1,(285),$3.73 ,42%,$2.16
Neoprene Short Beach Socks Diving Socks Non-Slip Antiskid Scuba Dive Boots SGD-548443,(6),$3.66 ,34%,$2.40
SAMSUNG 128GB EVO Plus Micro SDXC UHS-3 Memory Card EFM-530211,(3),$88.59 ,,$27.79
i9s TWS Bluetooth V5.0 Earphones with Charging Case EPA-563569,(0),$19.52 ,35%,$12.65
"Cevapro Cycling Gloves, Touchscreen Winter Gloves Thicken Warm Gloves SBK-559709",(1),$8.76 ,,$6.75
S6 Sport Bluetooth Wireless Headphones Earbuds with Mic EEP-556228,(6),$7.85 ,,$3.30
20mm x 3M/Roll Luminous Tape Self-adhesive Glow In The Dark Safety Stage Tape HHI-540155,(5),$3.58 ,,$1.86
Q18(Apro) Smart Watch Phone Curve Screen 1.3MP Camera Pedometer Sleep Monitor E-486140-C3,(70),$18.95 ,,$10.80
Multifunction Waterproof Silicone Performance Repair Bonding Rescue WireTape HHI-543537,(7),$3.33 ,35%,$2.15
2-In-1 SD/ TF Card Reader with USB/ Micro-USB OTG Adapter EPA-558805,(4),$2.77 ,15%,$2.35
Temperature Sensor Mini Digital LCD Thermometer Hygrometer EDT-561407,(1),$5.78 ,67%,$1.92
K2 Colorful Screen Heart Rate Smart Bracelet IP68 Waterproof Long Standby Time E-542111-C78,(1),$61.32 ,52%,$29.64
Euro Plug 3-USB Ports Smart Fast Charger Power Adapter EPACG-548181,(6),$4.83 ,55%,$2.16
32GB Class 10 Micro SD Card with Card Adapter - Yellow EFM-558763,(3),$7.00 ,,$4.90
Titan Gel Big Dick Herbal Enlargement NMS-546676,(1),$4.53 ,,$3.09
Type-C to USB 3.0 Type A OTG Adapter ECACR-562051,(3),$6.61 ,,$0.90
ESTRELLA  64G USB2.0 High Speed Mini Flash Drive Waterproof USB EUD-555517,(4),$19.49 ,45%,$10.64
Multi-functional Ultralight Folding Portable Credit Card Knives S-523865,(16),$2.88 ,67%,$0.95
Stainless Steel Digital Alarm Stopwatch Wrist Watch Excellent Wristwatch WWT-557947,(6),$6.22 ,,$2.81
Smart Swab Ear Wax Removal Swab Cleaner System w 16 Replacement Heads HHI-558029,(4),$8.99 ,,$2.34
1/2/4 Set of 25-in-1 Screwdrivers with Storage Head Screwdriver Repair Tool Set HHI-530590,(12),$6.30 ,,$4.64
360 WiFi 3 Generation Wireless Wifi Repeater EDT-561481,(4),$6.89 ,62%,$2.60
Universal 3.5mm IR Remote Control EPA-557485,(10),$4.76 ,76%,$1.16
1/4/10 pcs 3M VHB Double Sided Adhesive Acrylic Foam Tape Scotch Tape RTH-545063,(7),$3.48 ,46%,$1.87
Tea Strainer Silicone Coffee & Tea Sets Teapot Accessories Tea tool Tea Infuse HHI-561835,(0),$5.95 ,60%,$2.40
Pair of FXT Ankle-Compression Socks HHI-557139,(1),$3.80 ,52%,$1.83
M5 Magnetic Sports BT 4.1 Waterproof Sports Earphones EEP-560947,(3),$6.66 ,55%,$3.00
64GB PU Leather USB 3.0 Flash Drive ECA-564314,(1),$15.95 ,48%,$8.36
Mini Camera SQ11 Night Vision FOV140 1080P DV Video Recorder EVC-558775,(0),$16.69 ,46%,$8.94
Mini LED Key Finder Locator Find Lost Keys Chain Keychain Whistle Sound Control HHI-534396,(22),$3.12 ,,$1.46
1/2 pcs Standard 1M Magnetic Charge Cable + Detachable Micro USB Metal Plug EPACB-487297,(433),$6.34 ,,$2.73
Aluminum Cycling UV400 Polarized Sunglasses for Driving Cycling Running Golf HHI-558468,(2),$4.58 ,21%,$3.61
Dual Arc Plasma USB Rechargeable Lighter HHI-554727,(1),$18.09 ,,$8.64
I9 TWS Bluetooth V4.2 Earphones with Magnetic Charging Case EEP-556241,(3),$15.77 ,,$11.69
8 LEDs USB Night Light for Laptop Keyboard EDT-562699,(0),$6.44 ,74%,$1.70
I9 Fitness Tracker Smart Bracelet IP68 Heart Rate Blood Pressure Wristband E-545002-C18,(1),$18.19 ,,$11.02
GM320 Infrared Thermometer Non-Contact Laser Gun IR Thermometer EDT-528767,(20),$18.51 ,,$9.30
Adjustable Dial Vision -6D to +3D Myopia Eye Glasses EDT-555493,(3),$16.17 ,52%,$7.73
Shield 1080P Car DVR Night Vision Dashboard Video Recorder with G-sensor RCM-536805-C3,(4),$17.63 ,,$12.02
Original Xiaomi Piston Dazzle Edition Earphones with Mic EEP-455477-C3,(651),$6.71 ,,$5.84
L-Line Magnetic Charging Cable 90 Degree LED Cable for iPhone EPACB-559659,(1),$6.22 ,,$5.81
title,stars,normal_price,discount,special_price
SanDisk A1 32GB UHS-I / Class 10 up to 98MB / s Micro SDHC Memory Card EFM-530161,(4),$12.09 ,44%,$6.72
18g Super Strong Sealant Fix Metal Adhesive Sealing Glue Bond HHI-557389,(4),$3.76 ,63%,$1.40
64GB USB 2.0 Flash Drive USB Pen Drive U Disk EFM-561923,(3),$19.08 ,66%,$6.42
1/2/4 pcs Original Xiaomi WIFI Amplifier 2 300Mbps Wireless Wi-Fi Extender E-523361,(40),$17.88 ,,$7.98
"8.5"" LCD Writing Tablet of Environmental Protection Drawing Board Gifts f Kids TTH-530169",(13),$18.09 ,58%,$7.63
ESTRELLA  32G USB2.0 High Speed Mini Flash Drive Waterproof USB EUD-555514,(4),$13.87 ,,$5.45
128GB PU Leather USB 3.0 Flash Drive ECA-564315,(1),$19.04 ,,$14.15
H96 MAX RK3328 Quad Core 4G + 32G Android 8.1 HD Smart TV Box E-556636,(0),$125.82 ,,$50.33
SanDisk A1 64GB UHS-I / Class 10 up to 98MB / s Micro SDHC Memory Card EFM-530162,(4),$19.66 ,44%,$11.05
M3 Smart bracelet Color Screen Band Heart Rate Monitor Blood pressure E-556947,(5),$18.95 ,,$9.78
1/2/5/10 pcs Teflon Gas Hob Oil Protector Liner Reusable Stove Clean Mat Pad HHI-549769,(5),$4.38 ,74%,$1.16
i7 TWS Bluetooth V4.2 Earphones with Charging Case EEP-550657-C9,(2),$18.96 ,60%,$7.63
Mini 1200LM LED USB Rechargeable Tactical Flashlight HLT-521145-C3,(26),$13.24 ,67%,$4.41
6pcs 6-Layer Razor Blades + Shaver Handle HHI-557375,(5),$6.66 ,,$3.32
H96 MAX RK3328 Quad Core 4GB + 64GB Android 8.1 HD Smart TV Box E-556632,(1),$150.05 ,60%,$59.29
1/2/5 pcs 220-240V E27 18W 1650LM 56-LED SMD 5630 LED Corn Bulb HLT-363829-D1,(285),$3.73 ,42%,$2.16
Neoprene Short Beach Socks Diving Socks Non-Slip Antiskid Scuba Dive Boots SGD-548443,(6),$3.66 ,34%,$2.40
SAMSUNG 128GB EVO Plus Micro SDXC UHS-3 Memory Card EFM-530211,(3),$88.59 ,,$27.79
i9s TWS Bluetooth V5.0 Earphones with Charging Case EPA-563569,(0),$19.52 ,35%,$12.65
"Cevapro Cycling Gloves, Touchscreen Winter Gloves Thicken Warm Gloves SBK-559709",(1),$8.76 ,,$6.75
S6 Sport Bluetooth Wireless Headphones Earbuds with Mic EEP-556228,(6),$7.85 ,,$3.30
20mm x 3M/Roll Luminous Tape Self-adhesive Glow In The Dark Safety Stage Tape HHI-540155,(5),$3.58 ,,$1.86
Q18(Apro) Smart Watch Phone Curve Screen 1.3MP Camera Pedometer Sleep Monitor E-486140-C3,(70),$18.95 ,,$10.80
Multifunction Waterproof Silicone Performance Repair Bonding Rescue WireTape HHI-543537,(7),$3.33 ,35%,$2.15
2-In-1 SD/ TF Card Reader with USB/ Micro-USB OTG Adapter EPA-558805,(4),$2.77 ,15%,$2.35
Temperature Sensor Mini Digital LCD Thermometer Hygrometer EDT-561407,(1),$5.78 ,67%,$1.92
K2 Colorful Screen Heart Rate Smart Bracelet IP68 Waterproof Long Standby Time E-542111-C78,(1),$61.32 ,52%,$29.64
Euro Plug 3-USB Ports Smart Fast Charger Power Adapter EPACG-548181,(6),$4.83 ,55%,$2.16
32GB Class 10 Micro SD Card with Card Adapter - Yellow EFM-558763,(3),$7.00 ,,$4.90
Titan Gel Big Dick Herbal Enlargement NMS-546676,(1),$4.53 ,,$3.09
Type-C to USB 3.0 Type A OTG Adapter ECACR-562051,(3),$6.61 ,,$0.90
ESTRELLA  64G USB2.0 High Speed Mini Flash Drive Waterproof USB EUD-555517,(4),$19.49 ,45%,$10.64
Multi-functional Ultralight Folding Portable Credit Card Knives S-523865,(16),$2.88 ,67%,$0.95
Stainless Steel Digital Alarm Stopwatch Wrist Watch Excellent Wristwatch WWT-557947,(6),$6.22 ,,$2.81
Smart Swab Ear Wax Removal Swab Cleaner System w 16 Replacement Heads HHI-558029,(4),$8.99 ,,$2.34
1/2/4 Set of 25-in-1 Screwdrivers with Storage Head Screwdriver Repair Tool Set HHI-530590,(12),$6.30 ,,$4.64
360 WiFi 3 Generation Wireless Wifi Repeater EDT-561481,(4),$6.89 ,62%,$2.60
Universal 3.5mm IR Remote Control EPA-557485,(10),$4.76 ,76%,$1.16
1/4/10 pcs 3M VHB Double Sided Adhesive Acrylic Foam Tape Scotch Tape RTH-545063,(7),$3.48 ,46%,$1.87
Tea Strainer Silicone Coffee & Tea Sets Teapot Accessories Tea tool Tea Infuse HHI-561835,(0),$5.95 ,60%,$2.40
Pair of FXT Ankle-Compression Socks HHI-557139,(1),$3.80 ,52%,$1.83
M5 Magnetic Sports BT 4.1 Waterproof Sports Earphones EEP-560947,(3),$6.66 ,55%,$3.00
64GB PU Leather USB 3.0 Flash Drive ECA-564314,(1),$15.95 ,48%,$8.36
Mini Camera SQ11 Night Vision FOV140 1080P DV Video Recorder EVC-558775,(0),$16.69 ,46%,$8.94
Mini LED Key Finder Locator Find Lost Keys Chain Keychain Whistle Sound Control HHI-534396,(22),$3.12 ,,$1.46
1/2 pcs Standard 1M Magnetic Charge Cable + Detachable Micro USB Metal Plug EPACB-487297,(433),$6.34 ,,$2.73
Aluminum Cycling UV400 Polarized Sunglasses for Driving Cycling Running Golf HHI-558468,(2),$4.58 ,21%,$3.61
Dual Arc Plasma USB Rechargeable Lighter HHI-554727,(1),$18.09 ,,$8.64
I9 TWS Bluetooth V4.2 Earphones with Magnetic Charging Case EEP-556241,(3),$15.77 ,,$11.69
8 LEDs USB Night Light for Laptop Keyboard EDT-562699,(0),$6.44 ,74%,$1.70
I9 Fitness Tracker Smart Bracelet IP68 Heart Rate Blood Pressure Wristband E-545002-C18,(1),$18.19 ,,$11.02
GM320 Infrared Thermometer Non-Contact Laser Gun IR Thermometer EDT-528767,(20),$18.51 ,,$9.30
Adjustable Dial Vision -6D to +3D Myopia Eye Glasses EDT-555493,(3),$16.17 ,52%,$7.73
Shield 1080P Car DVR Night Vision Dashboard Video Recorder with G-sensor RCM-536805-C3,(4),$17.63 ,,$12.02
Original Xiaomi Piston Dazzle Edition Earphones with Mic EEP-455477-C3,(651),$6.71 ,,$5.84
L-Line Magnetic Charging Cable 90 Degree LED Cable for iPhone EPACB-559659,(1),$6.22 ,,$5.81
ORICO 2599US3 2.5 inch USB3.0 HDD/SSD Hard Drive Enclosure Tool-Free ECAHD-507881,(19),$16.71 ,,$12.36
"LENOVO VIBE P1 5.5"" FHD MSM8939 Octa-core Android 5.1 4G Phone P04-LEP1M",(5),$233.52 ,,$146.55
"LENOVO VIBE P1 5.5"" FHD MSM8939 Octa-core Android 5.1 4G Phone P03-LEP1M",(4),$234.84 ,,$156.22
Original Xiaomi Roidmi 2S Music Bluetooth Car Charger RCG-518810,(8),$19.57 ,20%,$15.71
Unisex Folding Magnetic Magnifying Neck Hanging Reading Glasses HHI-490694,(157),$5.45 ,,$2.79
Original Xiaomi Roidmi 2S Bluetooth Car Charger- INTERNATIONAL VERSION RCG-519355-C3,(6),$41.13 ,52%,$19.89
"BLACKVIEW BV6000 4.7"" HD MTK6755 64-bit Android 6.0 3GB RAM 4G Phone P084-BV6000",(89),$257.77 ,,$194.32
POFAN Micro USB / 8 Pin USB Charging Cable for iPhone and Android EPA-518036-C2,(43),$6.36 ,,$3.01
"2.5"" 720P Car DVR Recorder 6 LED Infrared Night Vision Camera RGP-515638",(30),$17.29 ,,$15.91
"LEAGOO M5 MTK6580 Quad-core 5.0"" HD Android 6.0 Touch ID 3G Phone P07-LEAM5",(7),$147.95 ,,$77.92
"LEAGOO M5 MTK6580 Quad-core 5.0"" HD Android 6.0 Touch ID 3G Phone P05-LEAM5",(24),$147.73 ,,$77.80
"USB 3.0 to 2.5"" Mobile HDD/SSD SATA Hard Drive Cable Adapter HHI-494016",(27),$10.75 ,,$5.47
Mini USB Rechargeable LED Flashlight Waterproof Torch with Keychain STH-386687,(13),$5.01 ,,$2.47
10pcs LED Light-up Balloons Luminous Balloon for Party Decor HHI-469167,(40),$5.42 ,,$2.68
"XIAOMI MI 5S 64GB ROM 5.15"" FHD Snapdragon 821 Android 6.0 4G Phone P03-MI5S",(26),$396.25 ,14%,$338.99
BASEUS 1M Magnetic Charge Cable + Detachable Micro USB Metal Plug EPACB-517039,(3),$9.36 ,,$8.19
UV Ultra Violet Blacklight 12 LEDs Flashlight Torch Light HLT-520936,(47),$6.18 ,,$3.58
2pcs Stainless Steel Vacuum Sealed Red Wine Bottle Stopper Spout KB-510170,(23),$3.77 ,,$3.73
16-LED Solar Powered Motion Infrared Induction Security Wall Light HSI-310119,(74),$18.12 ,,$10.85
"ASUS Pegasus 2 Plus X550 5.5"" 64-bit Octa-core Android 5.1 4G Phone P04-ASFM2",(24),$263.52 ,57%,$113.99
Colorful Yoga Anti Skid Slip Socks Deodorant Breathable Toe Socks DST-500091,(127),$3.62 ,,$2.13
Magic Nano Emery Sponge Brush Eraser Cleaner Rust Cleaning Tool HKI-502638,(54),$3.28 ,,$1.18
MiraScreen 2.4GHz Wireless HDMI AM8252 Wi-Fi Display Dongle ETATH-505244,(42),$16.72 ,,$12.65
220-240V E27 18W 1650LM 56-LED SMD 5630 LED Corn Bulb HLT-363829-D1,(277),$5.82 ,61%,$2.29
"CUBOT MAX 6.0"" HD MTK6753A Octa-core 64-bit Android 6.0 4G Phone P07-CUMAX",(4),$279.70 ,,$135.46
Simplified Package 216 x 3mm Buckyballs Magnetic DIY Balls Neocube TTH-417687,(10),$8.53 ,,$4.51
"HOMTOM HT17 5.5"" HD MTK6737 64-bit Quad-core Android 6.0 4G Phone P05-HT17",(51),$98.34 ,,$78.68
Original Xiaomi Dual Driver Stereo In-ear Earphone with Mic IEM EEP-490873,(82),$19.30 ,,$17.88
Silicone Plastic Wrap Sealing Vacuum Lid for Bowl to Keep Fresh HKI-470788,(25),$3.60 ,,$1.84
"OUKITEL K6000 PRO 5.5"" FHD 3GB RAM MTK6753 Android 6.0 4G Phone P04-K6000P",(51),$275.85 ,46%,$148.99
Stereo In-ear Earphone Reflective Fiber Cloth Line w/ 3.5mm Jack EEP-489927-C35,(58),$3.29 ,,$1.31
XIAOMI REDMI NOTE 4 MTK6797 Deca-core 16GB ROM Android 6.0 4G Phone P086-HMNO4,(0),$276.76 ,,$169.24
Meegopad T07 Pro Windows 10 Z8350 4GB 32GB Mini PC w/ HDMI USB Port E-505951,(10),$193.20 ,,$107.73
37 inch Retractable Micro USB Charge/Sync Colorful Light Cable EPACB-468956,(62),$6.05 ,,$1.82
UV400 Cycling Bicycle Bike Sports Eyewear Sunglasses Riding Glasses SBK-494441,(54),$3.63 ,,$2.03
USB Rechargeable Cigarette Lighter with Red LED Light HHIJL-371348,(42),$4.61 ,,$2.08
"LETV LE MAX 2 MSM8996 5.7"" 2K 4GB RAM 32GB ROM Android 6.0 4G Phone P081-LEMAX2",(2),$227.86 ,,$217.95
"LETV LE 2 MTK6797 Deca-core 3GB RAM 32GB ROM 5.5"" Android 6.0 Phone P04-LEP2",(47),$214.37 ,,$175.66
Outdoor Sport Safety Warning Wrist LED Light Clip Luminous Lamp HLT-520170-D8,(1),$5.02 ,,$2.07
1.2M Black Xiaomi USB Data Cable EPACB-384733,(66),$2.75 ,,$1.60
Universal Mobile Wireless Charger Quick Charging Adapter Receptor EPACG-520235,(2),$5.28 ,,$4.03
ESCAM QF002 Wi-Fi 720P IP Security Camera with Night Vision IR Cut SCM-496272,(27),$38.53 ,,$36.41
"OUKITEL U7 PLUS 5.5"" HD MTK6737 64-bit Quad-core Android 6.0 4G Phone P086-U7PLUS",(10),$136.68 ,,$81.03
"LETV LE 2 MTK6797 Deca-core 3GB RAM 16GB ROM 5.5"" Android 6.0 Phone P04-X620",(3),$186.69 ,,$157.21
20pcs Black Rose Flower Plant Seeds TDS-378201,(17),$2.77 ,,$1.17
"QCONG METAL 5.5"" FHD MTK6753 Octa-core Android 5.1 4G Phone 3GB RAM P03-QCONG",(10),$235.38 ,,$102.42
Mini Universal QI Wireless Charger Power Transmitter for Samsung EPACG-492582,(45),$6.30 ,,$3.33
SQ8 Mini DV Action Camera 1080P Full HD Car DVR with Night Version EVC-508721,(10),$18.69 ,,$14.55
Super Mini Gorgeous Speaker TF Card Player Colorful Light Voice Box HHITH-520853-C4,(1),$6.10 ,,$2.84
1.5M Apple 8Pin USB Cable Charge/Sync Nylon Cable f iPhone iPad iPod EPA-513589,(51),$3.98 ,,$2.03
GT08 Smart Watch Phone 2.5D Screen Dialer Sleep Calories Monitor E-511432,(84),$17.65 ,,$16.17
Original Xiaomi Real-time Detection Temperature and Humidity Sensor E-510657,(50),$16.49 ,,$8.73
Draw-out Design Fridge Storage Rack Shelf Sliding Drawer Organizer HKI-511328,(6),$5.89 ,,$3.81
Stainless Steel Vacuum Sealed Red Wine Bottle Stopper Spout HKI-507455,(58),$4.48 ,,$2.34
Car Anti-slip Pad Navigation Holder Slip Mat Dashboard RTH-519917,(3),$3.86 ,,$1.94
"LENOVO K5 NOTE 5.5"" IPS FHD 64-bit Octa-core MTK6755 4G Phone P04-K5NOTE",(16),$397.92 ,,$153.19
OUKITEL K6000 PRO Android 6.0 4G Phone + Flip Cover + Screen Protector KB-512693,(41),$290.11 ,,$155.83
Xiaomi Mijia Upgraded Portable Mini Bendable 5V 2.5W USB LED Light E-498351,(59),$6.39 ,,$2.88
Euro Plug 5V 2.0A 3-USB Ports Smart Fast Charger Power Adapter EPACG-399224,(152),$4.61 ,,$2.45
Stainless Steel Wine Bracelet Thermometer with LCD Display HKI-499938,(87),$3.63 ,,$1.85
"HOMTOM HT17 PRO 5.5"" HD MTK6737 Quad-core Android 6.0 4G Phone P04-HT17P",(8),$116.70 ,,$90.44
"CUBOT DINOSAUR 5.5"" HD 3GB RAM MTK6735A Quad-core Android 6.0 4G Phone P05-DINOS",(45),$165.35 ,,$116.73
Simple Package Xiaomi Mi Band 1S Smart Bracelet Heart Rate Monitor E-500090,(287),$18.57 ,,$13.26
20Pcs VTIE Elastic Lazy No-Tie Shoelace Fit All Unisex Sneakers STH-518321,(3),$4.35 ,,$2.34
Sports Breathable Insoles Shock-absorbing Arbitrarily Cut Insoles DTH-509268,(3),$3.57 ,,$2.66
Universal Grip Socket Multi-function Hand Tools w/ Power Drill Adapter S-493719,(72),$15.40 ,,$7.30
Unisex Folding Magnetic Neck Hanging Reading Glasses with LED Light DGS-499934,(77),$4.08 ,,$2.76
E27 3W RGB Auto Rotating Colorful Stage Light Bulb Lamp 85-265V HLT-499752,(49),$5.85 ,,$2.90
Digital Probe Cooking Food Temperature Sensor BBQ Kitchen LCD Display SCH-513318,(4),$6.29 ,,$3.35
Original Xiaomi 20000mAh Dual USB Fast Charger Power Bank EBTPH-491549,(11),$45.25 ,,$33.91
"LENOVO A916 5.5"" HD MTK6592 Octa-core 4G LTE Phone P05-A916",(50),$192.36 ,,$73.10
LETV LE 2 PRO MTK6797 Deca-core 4GB RAM 32GB ROM Android 6.0 Phone P04-LE2PRO,(5),$288.84 ,,$189.24
Red Seven Flashing Modes Warning Light Bike Safety Lane - 2 Laser Beam OPJ-480690,(92),$5.24 ,51%,$2.59
"OUKITEL U15 Pro 5.5"" HD MTK6753 Octa-core Android 6.0 4G Phone 3GB RAM P086-U15PRO",(20),$148.06 ,,$120.42
"LENOVO X3 LITE 5.5"" FHD MTK6753 Octa-core Android 5.1 4G Phone P05-LEX3",(25),$282.84 ,,$130.16
LED Display Car Charger 4.8A Dual USB Smart Output Car Charger RCG-519053,(1),$8.46 ,,$7.70
Original Xiaomi Mijia Power Socket Wifi Remote Control Switch Socket E-509889,(4),$19.32 ,,$11.04
Multifunctional Water-saving 60% ABS Faucets Water Bubbler HHI-327698,(253),$3.61 ,,$1.66
2 x 0.2MM Nano HD 2.5D Explosion-proof Film for Xiaomi Miband 2 E-517328,(48),$3.67 ,,$1.43
NO.1 D5+ Quad-core MTK6580 1G/8G Android 5.1 450mAh Heart Rate Monitor E-519281-C3,(41),$240.98 ,,$108.57
Original Xiaomi ROIDMI Dual USB Car Charger BT 4.0 Charger Adapter E-493805,(62),$18.96 ,,$9.75
DZ09 Dialer Smart Watch Phone + New Silicone Bracelet Digital LED KB-516335,(67),$17.33 ,,$14.79
3 in 1 Stainless-Steel Pineapple Corer Slicer Peeler HHI-516701,(1),$5.99 ,,$4.48
AXGIO Apple MFi Change/Sync Lightning Cable for iPhone 7/7 Plus iPad EPACB-453510,(35),$6.26 ,,$4.68
MD81 Mini WiFi IP CCTV Surveillance Camera DV for Android iPhone PC EVC-330074,(11),$19.05 ,,$16.27
"BLACKVIEW BV6000 4.7"" HD MTK6755 64-bit Android 6.0 3GB RAM 4G Phone P085-BV6000",(49),$254.81 ,,$192.09
Replaceable Sealed Simple Package Xiaomi Miband 2 Wrist Strap Band E-517889,(50),$3.53 ,,$1.66
Light Controlled Square LED Wall Night Lamp Bedroom Night Light HLT-506114,(141),$4.45 ,,$2.08
8X Zoom Telescope Camera Optical Lens f Mobile Phone w Adjusted Holder STS-509933,(30),$18.11 ,,$8.78
Mini I8+ Wireless 92key Backlit Air Mouse Touchpad f Laptop TV Box ECAKB-510384,(9),$18.11 ,,$11.75
2.4GHz Wireless Optical Gaming Mouse for PC DPI Adjustable ECAMS-496120,(81),$5.91 ,,$4.12
Car Mount Holder wih Telescopic Neck & Sticky Gel Pad for Mobile Phone RTH-511816,(33),$9.32 ,,$6.91
Mini Snoring Nose Clips Snoring Device Snoring Plug Anti Snoring DTH-499950,(64),$2.27 ,,$1.30
"LENOVO VIBE X2 MTK6595M Octa-core 5.0"" IPS FHD 4G LTE Phone P07-VIX2",(47),$346.58 ,,$118.83
Unisex Folding 360 ° Rotating Reading Presbyopic Glasses Eyeglasses DGS-499930,(123),$3.46 ,,$2.32
2 x Standard Magnetic 1M Micro USB Cable Sync/Charge Cable f Samsung KB-510827,(12),$6.48 ,,$5.20
3 in 1Multifunction Sonic Teeth Whitening Stain Erase Whitening Teeth BKH-510546,(7),$16.03 ,,$9.07
ASUS Zenfone Pegasus 3 MTK6737 Quad-core Android 6.0 4G Phone 3GB RAM P04-X008G,(2),$218.98 ,,$149.31
Dacom Super Mini K28 Bluetooth 4.1 In-Ear Wireless Headset f iPhone 7 EEP-520682-C3,(0),$14.79 ,,$8.27
XIAOMI REDMI NOTE 4 PRO 3GB RAM 64GB ROM MTK6797 Android 6.0 4G Phone P04-HMNO4G,(20),$426.08 ,,$184.30
Stainless Steel Small Quickdraw Carabiner with Locking SCH-314987,(17),$2.66 ,,$1.31
YG300 Mini Portable LED Projector HD with HDMI/USB/AV OPJ-515431,(7),$59.35 ,,$42.57
Magnetic Therapy Tourmaline Thermal Self-Heating Neck Pad BBI-276863,(112),$3.81 ,,$1.43
USAMS 360 Degree Rotation Anti-slip Car Air Vent Phone Holder EDC-508361,(19),$5.30 ,,$4.30
"DOOGEE T5 LITE IP67 MTK6735 Quad-core 5"" HD Android 6.0 4G Phone P05-DGT5L",(3),$197.34 ,,$118.40
SAMSUNG 64GB EVO Class 10 Micro SDXC TF Memory Card EFM-353381,(49),$35.04 ,,$24.50
10Pcs VTIE Elastic Lazy No-Tie Shoelace Fit All Unisex Sneakers STH-518328,(6),$2.62 ,,$1.81
"NO.1 A9 2.4"" Flashlight 4800mAh Battery IP67 Waterproof Rugged Phone P080-NOA9",(11),$38.10 ,,$36.19
"LENOVO VIBE P1 3GB RAM 5.5"" FHD MSM8939 Octa-core Android 5.1 4G Phone P04-LEP1",(44),$215.21 ,,$156.52
YWXLIGHT 220-240V 12W 960LM SMD 5730 Octagonal LED Ceiling Lamp HLT-515166,(30),$6.26 ,,$3.15
9Pig Luminous Newton's Cradle Pendulum Ball w 3 Modes Toy TDS-362103,(3),$40.25 ,11%,$35.89
30X60 Day Night Vision Zoom Folding Optical Binoculars Telescope STS-509744,(32),$14.60 ,,$7.47
2Pcs Mosquito Killer Lamp LED Night Light Romantic Sleeping Lamp KB-516566,(1),$6.23 ,25%,$4.65
"HOMTOM HT17 PRO 5.5"" HD MTK6737 Quad-core Android 6.0 4G Phone P05-HT17P",(0),$118.10 ,32%,$79.99
Повышеный Портативный Мини Xiaomi Сгибаемый 5V 2.5W USB LED Ламп E-498351,(50),$6.65 ,,$2.88
1m Magnetic Detachable 8 Pin Plug to Data/Charge USB Cable f iPhone EPACB-511111-C35,(9),$17.77 ,,$4.43
Унисекс Складывания 360 ° Вращающийся Чтения Пресбиопического Очки DGS-499930,(122),$3.60 ,,$2.61
4-in-1 Bluetooth 4.0 Anti-Loss Keychain Tracker Selfie Remote Button EPATH-393410-C17,(60),$5.86 ,61%,$2.29
30X60 Day Night Vision Zoom Folding Optical Binoculars Telescope STS-509744,(26),$10.04 ,22%,$7.79
No.1 D6 Smart Watch Phone Google Play 1G/8G Android 5.1 Wi-Fi WWT-515056-C3,(41),$115.95 ,,$81.73
2M 6 LED 7mm Lens IP67 USB Эндоскоп для Android Смартфона и PC EPA-503278,(41),$18.76 ,,$9.33
Fashionable 3 in 1 Clip Fisheye Macro and Wide Angle Lens EPATH-406174,(124),$6.12 ,63%,$2.26
USB 3.1 Type-C Male to Micro USB Female Adapter f Mac Smartphone EPACB-486194,(16),$1.57 ,,$1.16
Original Xiaomi Real-time Detection Temperature and Humidity Sensor E-510657,(7),$10.11 ,,$7.50
360 Degrees Rotatable Car/Bike Multi-function Smartphone Holder EPA-489616,(46),$5.26 ,32%,$3.56
8000mAh Dual USB Solar Power Bank w/ 12 LED Light for Smartphone EBTPH-508125-C3,(41),$23.67 ,,$12.27
220-240V E27 12W 1100LM 36-LED SMD 5630 LED Corn Bulb HLT-363807,(82),$3.39 ,,$1.88
KINGSTON TF Card 16GB Class 10 Memory Card with SD Adapter EFM-400786,(18),$9.78 ,,$6.45
AXGIO 4.8A Dual-Port Rapid Car Charger for iPhone iPad Samsung E-506371,(13),$6.35 ,,$6.16
"TECLAST X98 Plus II 9.7"" Win10 Android 5.1 Z8300 4GB 64GB Tablet ETC-516303",(5),$488.31 ,,$190.84
Тайна Плавающей UFO Летающая Тарелка Фрисби Магический Трюк Игрушка TDS-495779,(67),$3.27 ,,$1.48
OLED SPO2 Oxygen Monitor Fingertip Pulse Oximeter BKH-510096,(37),$13.83 ,,$13.30
Foldable Knife Stainless Steel Folding Hunting Oudoor Survival Knives S-513596,(8),$5.22 ,,$4.59
360° Rotating Universal Magnetic Car Cellphone Holder with Spring Clip RTH-512138,(17),$6.19 ,,$3.39
"Мини-Храп Нос Клипы Храп Устройств, Храп Вилка Антивирус Храп DTH-499950",(60),$1.44 ,,$1.28
Black Folding Knife Mini Pocket Knife Portable Camping Key Ring STH-408699,(17),$2.24 ,,$2.09
6pcs Tiger Head Menthol Balm Refreshing Relief Headache Oil BBI-457888,(77),$2.63 ,,$1.43
ZEALOT Bluetooth 4.0 Waterproof Speaker w/ Power Bank f Smartphone HHITH-459346,(5),$18.55 ,,$16.04
Sunvell Q-Box S905 Android 5.1 Kodi 4K Gigabit Ethernet 2/16GB TV Box E-509989,(5),$75.68 ,,$60.34
2.4GHz 1600dpi Wireless Optical Mouse Mice CMS-11833,(2829),$4.46 ,,$3.41
Mini Type Folding Metal Magnet Cigarette Tobacco Smoking Pipe HHI-508768,(6),$4.36 ,,$3.08
"RITECH Virtual Reality 3D Glasses f 3.5-5.6"" Smartphones w/ Earphone KB-516338",(46),$11.41 ,,$8.23
Replacement Stainless Steel Metal Strap Wrist Band for Xiaomi MiBand 2 E-516617,(43),$17.19 ,,$10.63
KINGSTON 16GB UltimateX Class 10 Micro SD Card EFM-268210,(265),$12.80 ,,$6.54
2 x Standard Magnetic 1M Micro USB Cable Sync/Charge Cable f Samsung KB-510827,(6),$5.33 ,,$5.18
NO.1 G3 Смарт Часы Терефон Полный Круговой Dialer E-506787-C3,(59),$52.58 ,,$46.39
TW64S Смарт Браслет Вызов Multi Монитор Сердечного Ритма E-506116-C4,(47),$18.73 ,,$14.56
3-LED Solar Powered Fence Gutter Light Outdoor Wall Pathway Light HSL-229667,(37),$6.27 ,,$5.37
Universal Magnetic Cell Phone Car Mount Holder for all Smart Phone RTH-508010,(12),$3.95 ,,$3.06
Экономия 40% Душ Голова Воды Усилитель с 300 Отверстиями HHI-504458,(48),$10.28 ,,$6.33
"CUBOT DINOSAUR 5.5"" HD 3GB RAM MTK6735A Quad-core Android 6.0 4G Phone P04-DINOS",(49),$165.89 ,,$117.10
0.3mm Ultra-thin Tempered Glass Screen Film f iPhone 6/6s EPASP-339285,(34),$3.15 ,,$2.26
Portable Neck Cervical Therapy Massager Body Health Item-Color Random BKH-293473,(25),$17.97 ,,$15.43
Transparent Underwater Waterproof Case Bag for Under 5.5'' Phone S-517993,(0),$2.74 ,27%,$1.99
1.5 М 3.5mm Aux Портативные Аудио Расширение Нейлон Кабель EPACB-506110,(10),$2.83 ,,$1.59
2016 New 6 inch Fluorescence Transparent Waterproof Bag f Smartphone EPACB-511214-C4,(8),$10.11 ,,$3.41
Square Box Xiaomi BT 4.0 Hands-free Speaker w/ Mic HHITH-392622,(56),$24.13 ,9%,$21.85
CUBOT V1 Smart Bracelet Touch Screen Big Battery Sports Tracker E-517507-C3,(45),$14.31 ,,$11.99
"RITECH Virtual Reality 3D Glasses for 3.5-5.6"" Smartphones EPATH-370295",(79),$17.66 ,,$8.25
925 Стерлингового Серебра Браслет Гипотенуза Grid Образный DJA-507625,(79),$3.00 ,,$1.95
Fashionable Cellphone Holder Bracket Seat EPA-518077,(0),$9.36 ,,$7.81
2pcs Creative Table Side Cup Holder Clip Beverage Keeper KB-510167,(1),$4.90 ,,$4.59
1.5m Микро USB 3.0 Данных Sync/Зарядник Помехоподавляющий Кабель EPACB-507057,(10),$3.34 ,,$1.78
Rechargeable Portable Powerful Mini Fan E-518034,(0),$7.93 ,,$6.54
"LENOVO X3 YOUTH 5.5"" FHD MTK6753 Octa-core Android 5.1 4G Терефон P07-LEX3",(39),$244.04 ,46%,$132.99
Arotek 8 LED Solar Bright Waterproof Lights Security Night Light HLT-516381,(43),$15.36 ,35%,$9.99
2pcs Stainless Steel Vacuum Sealed Red Wine Bottle Stopper Spout KB-510170,(21),$3.92 ,,$3.80
"OUKITEL K6000 PRO 5.5"" FHD 3GB RAM MTK6753 Android 6.0 4G Phone P04-K6000P",(47),$196.24 ,,$162.88
Fashion Titanium Steel Finger Ring with Chain Decor for Men NAF-237268,(2),$4.14 ,,$3.09
Casual Duck Down Gore-tex/Water Resistant Purity Puffer Coats NWJ-241921,(1),$49.83 ,,$46.71
"Планшет (CUBE) U25GT 7"" Android 4.2.2 8GB RK3168 2-ядерный L-193334",(16),$76.99 ,,$76.11
Chic Quartz Wristwatch with Alloy Band for Woman WWM-206686,(12),$8.95 ,,$8.49
Purity Floral Lace Mid Sleeve Crewneck Tunic Elegant Dresses NWO-210422,(3),$17.59 ,,$15.80
"Планшет (ALLFINE) Fine10 Joy 10.1"" IPS Android 4.1 16GB L-197595",(0),$247.13 ,,$176.99
"(IPPO) Q9 Pro 9"" HD экран Android 4.2.2 A20 2-ядерный 8GB L-216689",(9),$103.23 ,,$99.99
8-Color Moisturizing Lip Gloss HCI-216491,(7),$8.39 ,,$5.05
Wired Game Controller for XBOX 360 GBX-241823,(0),$49.41 ,,$24.71
(CURREN) Genuine Leather Strap Quartz Watch Timepiece f Men WMN-250517,(0),$7.49 ,,$6.36
Magic Charcoal Blackhead Remover for Girls HCI-76676,(221),$4.30 ,,$4.21
"(AINOL) NOVO7 Eos 7"" IPS Screen Android 4.0 Dual-core 3G Phablet L-234737",(17),$181.55 ,,$149.11
Evening Special Lace Purity Floral Garters Sexy Lingerie NUL-246504,(0),$7.48 ,,$3.74
PES 2013 Analog Controller Wireless Controller for PS1 PS2 GP2-109329,(17),$23.97 ,,$11.99
"(IPPO) V7 7"" HD экран Android 4.2.2 RK3026 Dual-core 4GB L-245534",(0),$138.27 ,,$69.11
(TOGEX) Cool мужские кварцевые часы WMN-115948,(127),$4.79 ,,$4.29
Warm Cotton Duck Down Patchwork Jacket Coats With Hoodie for Men NMD-249082,(0),$61.61 ,,$53.11
2 x Rubber Elastomer Feet Thumb Protector HBI-236968,(4),$4.51 ,,$3.60
(MARCAS) Pair of Titanium Steel Gold-plating Earrings for Female NAF-226250,(4),$3.29 ,,$2.55
"2-in-1 7"" Android 4.0 4GB WiFi Netbook w/2.4 GHz Mouse KB-248341",(0),$91.89 ,,$82.38
(BK) 6 x 7ml Fluorescent Nail Polish Nail Art HLC-224337,(11),$10.35 ,,$8.64
7 x Memorial Crystal Dragon Ball - Large FTY-247251,(0),$27.54 ,,$22.59
Cool Camera Pattern Key Ring with Sound & Light FKC-246417,(0),$4.72 ,,$2.35
"4.0"" 2 SIM 4 Band разблокированный мобильный телефон P05-I9300JX",(14),$45.49 ,,$41.99
"7"" 4GB E-Book Reader Portable Media Player PDF Reader - White B-181643",(3),$59.10 ,,$52.99
"(IPPO) F9 9"" Android 4.1 MTK8377 два-ядра 3G фаблет L-219069",(2),$172.66 ,,$162.49
MERCURY MW300R 300Mbps IEE802.11n/b/g Wireless Router CNP-242616,(2),$24.06 ,,$21.65
Mini Rechargeable 3.5-CH RC Helicopter with Gyroscope FAP-249778,(0),$26.90 ,,$22.86
Складная  беспроводные гарнитура с кабелем mini USB  CHS-166116,(8),$17.56 ,,$14.99
"(ONDA) V975 9.7"" Retina IPS Android 4.2 Quad-core Tablet PC L-237415",(3),$261.30 ,,$223.99
4 x Cartoon Anime Dragon Ball Figure Assembling Doll FTY-245539,(0),$17.40 ,,$14.09
"Планшет (ALLFINE) Fine11 Wide 11.6"" Android 4.1 4-х ядерный  L-208592",(6),$365.27 ,,$261.61
"(ZOPO) ZP980S 5.0"" FHD Gorilla Glass MTK6589T Android 4.2 Phone P07-ZP980S",(0),$319.99 ,,$299.99
"(IPPO) P7 7"" Android 4.2.2 8GB MTK8389 3G фаблет с GPS TV L-244781",(0),$156.07 ,,$142.99
FC30 Dual-mode Bluetooth GamePad for PS3/ PC / iPhone/ Android GWI-234878,(1),$43.62 ,,$33.15
Magnetic Electric Eyes Massager - 9-Mode HKH-241907,(9),$27.64 ,,$11.02
"(ONDA) V819 Mini 7.9"" IPS Android 4.2 Quad-core 16GB Tablet L-237414",(0),$189.07 ,,$150.99
"(ONDA) V972 9.7"" Retina Android 4.1 32GB 4-ядра Планшет L-185560",(3),$258.89 ,,$234.49
MK809III Android 4.2 RK3188 ТВ приставка+ WiFi+HDMI+ Bluetooth TTH-204364,(4),,,
"Телефон (ZOPO) ZPC3 5.0"" FHD MTK6589T Android 4.2.1 3G  P05-ZPC3",(0),$279.99 ,,$269.99
"Планшет 7"" Android 4.1 4 ГБ Wi-Fi Камера CPU 1.2 ГГц  L-162947",(14),$64.60 ,,$60.99
(B-LINK) 802.11 b/ g/ n 150Mbps USB Wireless WiFi Adapter CNP-91905,(14),$6.47 ,,$5.31
3D-Men Style Stand for iPhone Cell Phone MHD-237051,(1),$3.00 ,,$2.25
Round 3-mode LED Clip-on Pet Safety Light Pendant HPA-245057,(0),$3.13 ,,$2.73
Multifunctional Rechargeable Hair Clipper - Color Assorted HBI-88179,(163),$18.94 ,,$17.21
Waterproof Binary Unisex LED Watch w/(AM/PM Time + Date Display) WUS-242839,(0),$13.04 ,,$10.59
Stainless Steel High Strength Ultralight Portable Wire Cutter QCH-249070,(0),$2.61 ,,$2.09
Flower Pattern Dial Quartz Watch w/ PU Leather Strap f Women WWM-238671,(1),$3.70 ,,$3.10
New Quartz Watch Wrist Watch w/ PU Leather Band f Woman WWM-180731,(18),$4.67 ,,$3.90
Girl Version Imitated Vaginal Masturbators for Male Men HNM-233493,(0),$21.71 ,,$16.99
55g Flawless Nude Makeup Cosmetic BB Cream -Pink Beige HCI-132788,(102),$4.01 ,,$3.36
"(UMI) C1 6.44"" LTPS FHD OGS Screen MTK6589T Android 4.2 Phone P07-UMC1",(0),$399.99 ,,$349.99
Stylish Bracelet Quartz Watch w/ 3 False Sub-dial f Women WWM-241857,(1),$11.38 ,,$9.56
3.5mm Male to 3.5mm Male Jack Audio Extended Cable MCB-211528,(3),$2.31 ,,$2.00
"2.7"" LCD 1080PFHD 140°Wide Angle Car DVR Driving Recorder w/HDMI VDV-223829",(0),$44.55 ,,$39.85
(HTM)  X5292 3.5“ preadtrum S7710 Android 2.3.6 3G Smart Phone P081-X5292,(0),$59.99 ,,$52.99
100-LED 10M 220-240V 8-Mode Christmas LED String Lights HLD-231919,(1),$11.73 ,,$5.26
8-Color Moisturizing Lip Gloss HCI-216491,(9),$8.39 ,,$5.05
"(IPPO) V7 7"" HD экран Android 4.2.2 RK3026 Dual-core 4GB L-245534",(0),$138.27 ,,$72.99
"4.3"" Ultra-thin 8GB Game Console with AV-Out/Camera - Black GM5-256455",(0),$39.71 ,,$35.74
Gold Plating Wheatear Style Necklace Neck Chain Jewelry for Men NAF-254204,(0),$9.31 ,,$6.75
"Телефон (ZOPO) ZPC3 5.0"" FHD MTK6589T Android 4.2.1 3G  P05-ZPC3",(0),$279.99 ,,$249.99
"(AINOL) NOVO8 Mini 7.85"" Android 4.1.1 Dual-core 8GB Tablet PC L-249652",(6),$180.19 ,,$89.99
"(FEITENG) H9000 4"" Spreadtrum SP6820 Android 2.3.6 WiFi Phone P07-0009H",(0),$109.99 ,,$53.99
100-LED 10M 220-240V 8-Mode Christmas LED String Lights HLD-231922,(1),$12.03 ,,$6.01
"(XIAOCAI) X800 4"" MTK6572 Android 4.2.2 Dual Core WiFi 3G Phone P01-X800",(0),$159.99 ,,$99.99
Women's PU Leather Quartz Bracelet Watch Wristlet w/ Rivet Decor WWM-153114,(212),$5.42 ,,$5.22
"Seagate Expansion 1TB 2.5"" USB 3.0 Mobile Hard Disk Drive HDD CHP-199025",(14),$101.48 ,,$89.44
(SPOVAN) Men's Sports Digital Watch w/ Altimeter/Barometer WMN-247286,(6),$156.99 ,,$126.99
Mini Exquisite 4-String Wooden Guitar with Pick for Music Lovers FMS-239533,(1),$19.18 ,,$15.59
(CURREN) Genuine Leather Quartz Wrist Watch w/ Date for Men WMN-233363,(10),$11.57 ,,$10.39
"Factory Direct 7"" Android 4.1.1 RK3066 Dual-core 4GB Tablet ETC-266906",(0),$89.99 ,,$58.99
Fashion Quartz Watch w/ Knitted PU Leather Band for Lady WWM-180705,(31),$4.67 ,,$3.69
Plastic Shaker Bottle Blender Bottle HLI-156098,(58),$6.00 ,,$5.44
X3-02 4-Axis 3D 2.4GHz Wireless UFO RC Helicopter Toy for Kids FAP-204294,(14),$54.18 ,,$46.28
"(IPPO) X9 9"" Android 4.2.2 8GB A20 2-ядерный планшет с WiFi L-234122",(3),$178.95 ,,$97.29
"(PIPO) M8HD WiFi Version 10.1"" Android 4.2.2 16GB RK3188 Tablet  L-255870",(0),$269.99 ,,$256.69
(ALIKE) 50M Waterproof Analog-digital Watch with Alarm for Men WMN-234983,(7),$25.00 ,,$9.99
Black Headset with MIC for Xbox 360 LIVE GBX-197909,(16),$10.09 ,,$8.12
"2.7"" LCD 1080PFHD 140°Wide Angle Car DVR Driving Recorder w/HDMI VDV-223829",(1),$44.55 ,,$39.85
Cleverish Solar Powered Key Ring with Flashlight FSI-205972,(12),$1.99 ,,$1.69
Bicycle Universal Spider Phone Holder SBK-258906,(0),$6.46 ,,$4.54
MERCURY MW300R 300Mbps IEE802.11n/b/g Wireless Router CNP-242616,(3),$24.06 ,,$21.65
SHO-ME 525+ 360 Degrees Radar Detector for Car - Black RGP-251656,(0),$56.81 ,,$50.95
Protective Soft Silicone Case for Sony PS4 Controller EVG-261378,(0),$3.05 ,,$2.44
7-in-1 Makeup Brushes Cosmetic Brushes Set HBI-242280,(1),$6.35 ,,$5.39
"4.3"" Double Rocker 4GB Game Console with AV-Out/Camera –  Black GM5-256536",(0),$39.89 ,,$37.90
"(OUCCA) DV-T95 2.7"" 16MP COMS 720P HD 16X Digital Zoom Camcorder VDV-221189",(1),$63.59 ,,$58.99
"(DOOGEE) MAX DG650 6.5"" MTK6589T Android 4.2.2 Phone P07-DG650",(0),$399.99 ,,$329.99
"(AOSON) M33 9.7"" Capacitive Retina Screen Quad-Core 16G Table PC L-186751",(6),$250.57 ,,$220.69
Stylish PU Leather Quartz Bracelet Wrist Watch for Women WWM-255919,(0),$5.13 ,,$4.49
(PE) 7ml Glow In The Dark Nail Polish Nail Varnish BBI-262066,(0),$2.99 ,,$1.89
"(JIAKE) MINI9500 4"" Spreadtrum SP6820 Android 2.3.6 WiFi Phone P07-JK809",(0),$129.99 ,,$59.99
"(IPPO) F978 9.7"" Android 4.2 MTK8389 3G Tablet Phone w/ GPS TV L-234515",(0),$243.40 ,,$219.99
(IK COLOURING) Mechanical Watch w/ Genuine Leather Strap f Men WMN-238561,(9),$55.91 ,,$54.54
"(GPAD) G10D 7"" Android 4.0 4GB Tablet PC + Screen Protector KB-253207",(0),$78.75 ,,$59.19
Fashion Cotton-Padded Warm Pet Clothes Winter Dog Clothes HPA-227663,(0),$14.82 ,,$9.59
"7"" Android 4.0 2160P 4GB Tablet PC + Free Gift Screen Protector KB-253206",(0),$69.33 ,,$57.19
"(FEITENG) H9000 4"" Spreadtrum SP6820 Android 2.3.6 WiFi Phone P01-0009H",(0),$109.99 ,,$53.99
Stylish Bracelet Quartz Watch w/ 3 False Sub-dial f Women WWM-241857,(2),$11.38 ,,$9.56
1m Lightning Cable w/ EU Adapter f iPhone 5/ 5s/ 5c - Golden EPACG-260745,(0),$9.69 ,,$5.48
Magnetic Electric Eyes Massager - 9-Mode HKH-241907,(11),$27.64 ,,$11.02
(BK) 6 x 7ml Fluorescent Nail Polish Nail Art HLC-224337,(11),$10.35 ,,$8.64
"(XIAOCAI) X800 4"" MTK6572 Android 4.2.2 Dual Core WiFi 3G Phone P04-X800JA",(0),$159.99 ,,$99.99
2pcs Christmas Series Mural Static Cling Window Stickers HDS-257083,(0),$7.99 ,,$3.69
19pcs Rose Soap Flower Bath Confetti - Color Assorted HLI-142198,(15),$20.49 ,,$10.15
PU Leather Case Protective Case f Sony Xperia Z1 MLC-251661,(0),$6.99 ,,$4.89
"4.3"" Double Rocker 8GB Game Console with AV-Out/Camera - Blue GM5-256544",(0),$40.89 ,,$36.80
"Планшет (ALLFINE) Fine11 Wide 11.6"" Android 4.1 4-х ядерный  L-208592",(7),$365.27 ,,$261.61
"(XIAOCAI) X800 4"" MTK6572 Android 4.2.2 Dual Core WiFi 3G Phone P07-X800",(0),$159.99 ,,$99.99
Electric Foot Callous Dry Skin Remover HHI-262108,(0),$11.29 ,,$9.99
"(IPPO) C10 Pro 10.1"" IPS 16GB A31s Quad-core 3G Tablet Phone L-251445",(0),$228.49 ,,$221.79
Women's PU Leather Quartz Bracelet Watch Wristlet w/ Rivet Decor WWM-153114,(212),$5.44 ,,$5.24
"(INEW) I6000 6.5"" FHD IPS Screen MTK6589T Android 4.2.1 Phone P07-I6000",(12),$289.99 ,,$269.99
X3-02 4-Axis 3D 2.4GHz Wireless UFO RC Helicopter Toy for Kids FAP-204294,(14),$54.37 ,,$46.44
"(UMI) X2 5.0"" IPS FHD MTK6589T 1.5GHz 4-Core Android 4.2.1 Phone P07-UMX2T",(0),$299.99 ,,$279.99
(CHUWI) PU Leather Case for CHUWI V88HD LTA-248907,(0),$20.36 ,,$11.83
Bowknot Style Cotton-Padded Warm Pet Clothes Winter Dog Clothes HPA-227652,(1),$16.03 ,,$10.37
"(FEITENG) H9000 4"" Spreadtrum SP6820 Android 2.3.6 WiFi Phone P04-0009H",(0),$109.99 ,,$53.99
Unisex False Sub-dials Design Quartz Watch w/ Canvas Strap WUS-253492,(0),$3.91 ,,$2.93
"4.3"" Double Rocker 8GB Game Console with AV-Out/Camera - Blue GM5-256544",(0),$41.03 ,,$36.93
(SYLLABLE) G05 Folding Stereo Headphones w/Mic Line Controller CHS-246370,(1),$43.34 ,,$38.63
(SYLLABLE) T39 Bluetooth V3.0 Earphones w/ Line Controller CHS-246378,(4),$20.03 ,,$15.04
"(IPPO) F978 9.7"" Android 4.2 MTK8389 3G Tablet Phone w/ GPS TV L-234515",(0),$244.26 ,,$220.77
Headphone Microphone for Sony Play Station 4  EVG-260487,(0),$7.52 ,,$6.39
(IK COLOURING) Mechanical Watch w/ Genuine Leather Strap f Men WMN-238561,(9),$56.11 ,,$54.73
(AINOL) PU Leather Case for Ainol NOVO8 Discovery LTA-248901,(2),$14.04 ,,$8.22
Christmas Tree Style E27 RGB LED Fiber Light Bulb AC 85-260V  HLT-258563,(0),$6.18 ,,$5.40
"(XIAOCAI) X800 4"" MTK6572 Android 4.2.2 Dual Core WiFi 3G Phone P07-X800",(0),$159.99 ,,$99.99
(ALIKE) 50M Waterproof Square Case Digital Watch w/ Alarm f Men WWT-263867,(0),$8.61 ,,$7.54
"(IPPO) K7 Pro 7"" Android 4.1 4GB MTK6577 3G Phablet + Sleeve KB-253213",(0),$113.02 ,,$110.38
Crystal & Rhinestones Decor Rhinestones Finger Ring for Women NAF-255196,(0),$5.82 ,,$4.35
Universal Plastic Stand Holder w/ Brush for iPhone iPad EPAHD-261438,(0),$3.77 ,,$3.39
Casual Cotton Blend Patchwork Jacket for Boy Men DCD-266437,(0),$62.68 ,,$42.61
Magnetic Electric Eyes Massager - 9-Mode HKH-241907,(11),$27.73 ,,$11.06
Wrist Watch Style Automatic Blood Pressure Monitor BKH-257731,(0),$40.13 ,,$20.06
"(SANEI) N79 7"" Android 4.0 Qualcomm Dual-core 3G Tablet Phone L-149044",(18),$137.34 ,,$109.37
Pair of Love Pattern Imitated Crystal Earrings - Rose Golden NAF-255195,(0),$6.14 ,,$4.59
Casual Cotton Modal Vertical Striped Soft Boxers Men's Underwear DUW-258801,(0),$6.98 ,,$3.87
"(IPPO) C10 Pro 10.1"" IPS 16GB A31s Quad-core 3G Tablet Phone L-251445",(0),$229.30 ,,$222.57
(BK) 6ml Heart-Shaped Fluorescent Non-toxic Nail Polish HCI-246259,(0),$3.00 ,,$2.20
Girl Version Imitated Vaginal Masturbators for Male Men HNM-233493,(2),$21.79 ,,$17.05
Gradient Men's Glasses Fashion Sunglasses PC Full Rim Glasses NAG-248002,(0),$6.05 ,,$5.42
2pcs Antiskid TPU Button Caps for PS4 Controller - White EVG-264086,(0),$1.39 ,,$1.18
"(GD IPPO) Q8 7"" A23 Dual-core 4GB Tablet w/ WiFi OTG CPU 1.5GHz ETC-267701",(0),$70.24 ,,$65.62
(OULM) 3136 Male PU Leather Quartz Watch with 3-Movt  WWT-260431,(0),$18.40 ,,$13.89
2 x Rubber Elastomer Feet Thumb Protector HBI-236968,(6),$4.53 ,,$3.61
"(JIAKE) 811 5.3"" Capacitive Touch MTK6572 Android 4.2.2 Phone P02-JK811",(0),$169.99 ,,$89.99
10pcs 0.5mm Durable Celluloid Guitar Plectrum - Color Assorted FTY-255312,(0),$2.31 ,,$1.75
Rechargeable 2-Channel R/C Helicopter with Remote Control FAP-102215,(212),$19.03 ,,$16.70
Retro Female Bracelet Quartz Watch with Flower Decor WWM-226350,(3),$6.20 ,,$5.00
"Смартфон(VOTO) X2 5.0"" IPS FHD MTK6589T Android 4.2 Bluetooth 4. P07-VTX2J",(0),$299.99 ,,$279.99
Wireless Bluetooth V4.0 DualShock3 Controller for PS3 EVG-262425,(0),$17.45 ,,$14.83
"G800B 2.7"" LCD Screen  4 x Digital 1080P FHD Car Rearview Mirror VDV-253876",(7),$80.53 ,,$69.75
RIME Garlic Clamp Ginger Presser Cracker Crusher Mincer HKI-247947,(1),$6.89 ,,$5.66
4-in-1 Stereo Gaming Headset with MIC for PS4/ PS3/ Xbox360/ PC EVG-261407,(0),$45.41 ,,$35.37
Christmas Super Mario Figure Collection Gift Doll FTY-245535,(2),$12.84 ,,$12.39
2 x Cell Phone Anti-Radiation Stickers HKH-212341,(17),$3.02 ,,$1.50
Stylish Titanium Steel Bracelet Bangle for Men Boy NAF-237256,(1),$9.57 ,,$6.94
Wireless QI Charging Receriver Case Sleeve f iPhone 5/ 5s EPATH-266879,(0),$14.78 ,,$13.30
Wireless Bluetooth V4.0 DualShock3 Controller for PS3 EVG-262418,(0),$17.71 ,,$15.06
"(UMI) C1 6.44"" LTPS FHD OGS Screen MTK6589T Android 4.2 Phone P07-UMC1",(0),$399.99 ,,$329.99
Cool Cartoon Sakuragi Hanamichi Figure Doll FTY-250501,(0),$26.08 ,,$24.59
0.8m Micro USB 3.0 Sync Charging Cable for Samsung Galaxy Note 3 EPACB-266143,(0),$3.17 ,,$2.85
"(ZOPO) ZPC3 5.0"" MTK6589T 4-Core Android 4.2.1 3G Smart Phone P07-ZPC3",(6),$279.99 ,,$249.99
"(AINOL) NOVO7 Eos 7"" IPS Screen Android 4.0 Dual-core 3G Phablet L-234737",(17),$182.19 ,,$146.51
2 x Protective TPU Antiskid Button Caps for Xbox One Controller EVG-262103,(0),$1.39 ,,$1.18
Versatile Triple High-decibel Lanyard Outdoor Survival Whistle STH-259496,(0),$4.04 ,,$2.02
"5"" Touch Screen 4GB Game Console + 8GB Kingston TF Card KB-242488",(0),$139.63 ,,$88.30
"(FEITENG) H9000 4"" Spreadtrum SP6820 Android 2.3.6 WiFi Phone P02-0009H",(0),$109.99 ,,$53.99
"Смартфон (TIMMY) E128 4.5"" сенсорный экран MTK6572 Android 4.2.2 P05-E128",(0),$179.99 ,,$99.99
Stylish Bracelet Quartz Watch w/ 3 False Sub-dial f Women WWM-241857,(3),$11.42 ,,$9.59
(ZOPO) HD Screen Guard Protective Film for ZOPO C2 MTH-222586,(1),$3.56 ,,$2.99
3 LED Portable Mini Solar Charging Flashlight-Color Assorted STH-261655,(0),$4.51 ,,$2.69
"Телефон (FEITENG) N9300I 4.7"" MTK6517 2-ядерный Android 4.1.1  P02-I0039N",(1),$199.99 ,,$119.99
Stainless Steel High Strength Ultralight Portable Wire Cutter QCH-249070,(0),$2.62 ,,$2.10
3-in-1 Silver Plating Heart-shaped Style Jewelry Set for Women NAF-238502,(2),$7.34 ,,$5.48
55g Flawless Nude Makeup Cosmetic BB Cream -Pink Beige HCI-132788,(107),$6.81 ,,$3.40
Remote Control Vaginal Muscles Training Bead + Vibrator Egg HNW-222340,(0),$36.25 ,,$33.29
Wrist Watch Style Automatic Blood Pressure Monitor BKH-257731,(1),$40.13 ,,$20.06
Wireless QI Charging Receriver Case Sleeve f iPhone 5/ 5s EPATH-266879,(0),,,
"(TECLAST) P89 Mini 7.9"" IPS Android 4.2.2 Intel Atom Tablet  ETC-258290",(0),$219.76 ,,$197.79
(AINOL) PU Leather Case for Ainol NOVO8 Discovery LTA-248901,(2),$14.04 ,,$8.22
"(DOOGEE) MAX DG650 6.5"" MTK6589T Android 4.2.2 Phone P07-DG650",(5),$399.99 ,,$319.99
100-LED 10M 220-240V 8-Mode Christmas LED String Lights HLD-231919,(1),$11.77 ,,$5.28
"(IPPO) P7 7"" Android 4.2.2 8GB MTK8389 3G фаблет с GPS TV L-244781",(0),$156.62 ,,$136.99
"(XIAOCAI) X800 4"" MTK6572 Android 4.2.2 Dual Core WiFi 3G Phone P02-X800",(0),$159.99 ,,$99.99
"Телефон (CUBOT) T9 5"" IPS FHD MTK6589T Android 4.2.1 4-ядерный 3 P07-CUT9",(0),$259.99 ,,$249.99
3-in-1 Jewelry Set/ Necklace + Earrings + Finger Ring for Women NAF-156006,(32),$5.07 ,,$4.41
DIY Assemble Rubber Powered Glider + Flying Bird Ornithopter KB-267620,(0),$6.37 ,,$5.10
3pcs HD Screen Guard Protective Film for Lenovo A820 MTH-191915,(10),$2.60 ,,$2.29
Stainless Steel Large Size Multi-Function Folding Portable Plier STH-261712,(0),$13.27 ,,$8.00
Waterproof PNP 1.0MP 720P HD 22 IR-LED Wifi Security Camera SCM-266869,(0),$164.67 ,,$147.85
Sonorous Color Electronic Horn with Removable Rotatable Bracket SBK-259874,(0),$4.70 ,,$3.30
(GILLETTE) 4pcs Replacement Blades Razor Heads HLI-156467,(12),$13.75 ,,$13.07
(WEIDE) Analog-Digital LED Watch Wristwatch w/ Steel Band f Men WMN-211243,(4),$23.05 ,,$20.17
Casual Rabbit Fur Striped Patchwork Warm Hat Fashion Hats & Caps NAH-229961,(6),$21.01 ,,$16.84
Bowknot Style Cotton-Padded Warm Pet Clothes Winter Dog Clothes HPA-227652,(2),$16.03 ,,$10.37
Christmas Tree Style E27 RGB LED Fiber Light Bulb AC 85-260V  HLT-258563,(0),$6.18 ,,$5.40
7-in-1 Makeup Brushes Cosmetic Brushes Set HBI-242280,(1),$6.37 ,,$5.41
Electronic Neck-Cooling Massager Health Item - Color Assorted HKH-217863,(9),$17.11 ,,$15.69
Heart Pattern PU Leather Band Quartz Watch w/ Rhinestones f Girl WWM-239022,(9),$4.72 ,,$3.54
Новый большой LCD шагомер  HKEFPM01,(325),$2.75 ,,$2.47
"Планшет (ALLFINE) Fine11 Wide 11.6"" Android 4.1 4-х ядерный  L-208592",(7),$366.56 ,,$262.53
Stylish Titanium Steel Bracelet Bangle for Men Boy NAF-237256,(1),$9.57 ,,$6.94
(TECLAST) Taipower X30SE 4G Button MP3 Player - Black M-238185,(1),$31.34 ,,$26.94
3D Printer Material ABS Filaments 1.75mm 1kg Plastic Cable EPC-266046,(0),$55.19 ,,$50.77
Aurora Z601 3D Printer  3D Flatbed Printer High Precision  RUL-256662,(0),$668.90 ,,$602.90
2 x Rubber Elastomer Feet Thumb Protector HBI-236968,(6),$4.53 ,,$3.61
"7"" Ёмкостный экран Android 4.0 2G фаблет с WiFi и CPU 1.2GHz L-186741",(6),$78.51 ,,$75.25
(CUBOT) 1pcs 3.7V 1300mAh Li-ion Backup Battery for Cubot GT72 MDB-247224,(0),$8.02 ,,$5.99
(CURREN) Genuine Leather Quartz Wrist Watch w/ Date for Men WMN-233363,(11),$11.61 ,,$10.43
FC30 Dual-mode Bluetooth GamePad for PS3/ PC / iPhone/ Android GWI-234878,(4),$43.78 ,,$33.27
One-Size Universal Highly Breathable Sprung Wrist Brace SGD-267741,(0),$8.20 ,,$4.10
FIL Cool Solder Warrior Pattern Car Decal Sticker - Black RST-266923,(0),$3.59 ,,$3.15
"(TIMMY) E6582 5"" IPS FHD MTK6582 1.3GHz Android 4.2.2 3G Phone P01-E6582",(0),$189.99 ,,$169.99
Magnetic Electric Eyes Massager - 9-Mode HKH-241907,(11),$27.73 ,,$10.99
Gold Scales High Simulation Fishing Lure Bait-Color Assorted SFS-267611,(0),$4.74 ,,$3.31
Motorcycle Cotton Cotton-padded Jacket  for Boy Men DCD-268282,(0),$113.10 ,,$56.55
Casual Cotton Blend Long Sleeve Men's Shirts for Boy Men DCD-269999,(0),$19.39 ,,$17.92
Fashion Rubber Ladies' Quartz Wristwatch WWM-192830,(9),$4.04 ,,$3.89
"7"" Android 4.0 2160P 4GB Tablet PC + Free Gift Screen Protector KB-253206",(0),$69.58 ,,$57.39
Multi-Color Nail Polisher Sponge Nail Polishing File BBI-262439,(0),$1.67 ,,$1.46
"(FEITENG) D101 4"" Spreadtrum SP6820 Android 2.3.6 WiFi Phone P03-D101",(0),$59.99 ,,$49.99
Frosted Hard Cover with Clip-stand for iPhone 3G 3GS MHC-9065,(0),$4.81 ,,$3.72
Crystal Hard Case for iPad CIPACOC2,"
                                    (2)
                                 ",$6.20 ,,$5.02
CF Miniature Metal Gun Toy with Keychain - Golden FTY-24012,(0),$5.45 ,,$4.76
"Transformers Style 1.4"" 2 SIM Mobile Cell Phone with Camera P05-F81","
                                    (2)
                                 ",$37.61 ,,$35.01
"3.2"" TOUCH WiFi JAVA TV FM Bar Mobile Cell Phone P01-N08","
                                    (15)
                                 ",$58.08 ,,$42.73
Knit Wool Pouch for iPad 3 the New iPad (Pink) CCA-4670,(0),$3.92 ,,$3.68
Mini Stand for iPad CCA-6831,"
                                    (1)
                                 ",$3.41 ,,$3.00
Blue Protective Soft Back Cover for HTC HD T8288 MHDXSC03,"
                                    (1)
                                 ",$1.54 ,,$1.24
Silver Cell Phones Keypad for Sony Ericsson Z610 Z610i EKB-4730,(0),$4.13 ,,$2.56
3-in-1 Magic Box for Conjuring Game Play Props FTY-4910,(0),$4.89 ,,$3.76
Game Grip +2 Cases for iPhone 4G iPod Touch2nd &3rd Gen MHD-8434,(0),$15.61 ,,$13.50
"2.0"" 4-SIM QUAD SIM TV FM QWERTY Mobile Cell Phone P01-F52","
                                    (2)
                                 ",$44.02 ,,$38.67
"2.4"" QWERTY Keyboard Slide Mobile Phone with TV Java  P01-E89",(0),$72.48 ,,$63.42
"(PLOYER) MOMO8 8"" Multi-touch Android 4.0 8GB Tablet PC L-84199","
                                    (2)
                                 ",$127.87 ,,$120.99
Angel Figure Back Case for iPhone 3G 3GS MSC-8377,(0),$1.73 ,,$1.38
Traditional Chinese Knot Pendant with Mask & Tassel - Green FCE-44348,(0),$1.79 ,,$0.90
"2.2"" 3 SIM 3 Standby TV FM QWERTY Mobile Cell Phone P01-F31",(0),$45.29 ,,$43.25
Skin Case for iPad CIPASC02,"
                                    (4)
                                 ",$5.50 ,,$5.02
Tough Soft Phone Pouch Pocket Bag for Nokia N97 MSB-11804,"
                                    (1)
                                 ",$1.39 ,,$1.04
Grids Patterned Soft Case for BlackBerry 8300 8310 8320 MSC-9645,(0),$1.88 ,,$1.30
Pink Mini Hello Kitty Style USB 1200dpi Optical Mouse CMS-21251,(0),$6.96 ,,$6.02
Knit Wool Pouch for iPad 3 the New iPad (Pink) CCA-4670,(0),$3.92 ,,$3.68
Orange Smiling Angel Style Case for iPod Nano 5th Gen MSC-9408,(0),$1.78 ,,$1.33
2 x Slim Crystal Hard Case for LG GD 510 POP MHC-12011,"
                                    (1)
                                 ",$2.41 ,,$1.90
"(CUBE) U9GT2 9.7"" IPS Screen Android 4.0 8GB Tablet PC L-84005","
                                    (5)
                                 ",$194.88 ,,$191.23
Smiling Angel Style Case for iPod Nano 5th Gen MSC-9412,(0),$1.78 ,,$1.33
3 Band 2 SIM 2 Standby FM Torch Arabic Mobile Cell Phone P05-6233,"
                                    (1)
                                 ",$44.04 ,,$41.97
Crystal Hard Case for iPad CIPACOC2,"
                                    (2)
                                 ",$6.20 ,,$5.02
Hard Case with Evil Skeleton Image for iPhone 4G MHC-7550,(0),$2.61 ,,$2.29
Doggy Butane Lighter w/ LED and Sound Effect FJL-8537,"
                                    (2)
                                 ",$3.53 ,,$3.01
Camera Bluetooth Mobile Cell Phone with FM Radio Flashlight P07-6600,(0),$53.30 ,,$46.32
"2.05"" QWERTY 3 SIM Vodafone FM + TV Cell Phone P01-F70K",(0),$39.88 ,,$37.88
Mini USB HiFi Stereo Speaker for PC CUSBSK02,"
                                    (1)
                                 ",$14.95 ,,$13.10
QQ Duck Shaped Tissue Box with Wet Wipes HHI-15275,(0),$8.18 ,,$7.26
"(AINOL) 7"" Multi-Touch WiFi Tablet (MIPS-r2/4GB HD) LNOV078G05","
                                    (22)
                                 ",$115.71 ,,$96.74
4 x Colorful Cell Phone Trackball for BlackBerry 8330 MTH-10304,(0),$5.27 ,,$3.96
"Сотовый телефон 2,0"" сенсорный экран 4 SIM карты P01-F160",(0),$77.32 ,,$64.90
"2.0"" eBook Alarm Flip Watch Mobile Cell Phone P01-V666",(0),$63.75 ,,$58.45
"(HYUNDAI) A7 7"" Multi-touch Android 4.0 8GB Tablet PC L-78757","
                                    (11)
                                 ",$118.65 ,,$98.79
"1.2"" Footstep Shaped Mini Mobile Cell Phone with Camera P081-123","
                                    (1)
                                 ",$48.93 ,,$42.28
Hard Case for iPad CIPACOC5,(0),$8.69 ,,$6.56
Micro Diamond Pattern TPU Soft Case for iPhone 4G MSC-6644,(0),$1.77 ,,$1.32
"3.6 "" GPS WiFi JAVA TV FM-передатчик мобильный сотовый телефон PB1-MX10",(0),$99.37 ,,$92.43
Men's Watch with Black PU Leather Band W4-LD128,"
                                    (1)
                                 ",$14.05 ,,$12.29
Green Smiling Angel Style Case for iPod Nano 5th Gen MSC-9411,"
                                    (1)
                                 ",$1.78 ,,$1.33
"3.5"" Dual SIM 2-Band Cellphone+ Java - Black P05-N911","
                                    (12)
                                 ",$42.28 ,,$39.26
"2"" Triple Sim Quad Band Unlocked Mobile Cell Phone P081-Q5I",(0),$38.25 ,,$38.15
title,stars,normal_price,discount,special_price
SanDisk A1 32GB UHS-I / Class 10 up to 98MB / s Micro SDHC Memory Card EFM-530161,(4),$12.09 ,44%,$6.72
18g Super Strong Sealant Fix Metal Adhesive Sealing Glue Bond HHI-557389,(4),$3.76 ,63%,$1.40
64GB USB 2.0 Flash Drive USB Pen Drive U Disk EFM-561923,(3),$19.08 ,66%,$6.42
1/2/4 pcs Original Xiaomi WIFI Amplifier 2 300Mbps Wireless Wi-Fi Extender E-523361,(40),$17.88 ,,$7.98
"8.5"" LCD Writing Tablet of Environmental Protection Drawing Board Gifts f Kids TTH-530169",(13),$18.09 ,58%,$7.63
ESTRELLA  32G USB2.0 High Speed Mini Flash Drive Waterproof USB EUD-555514,(4),$13.87 ,,$5.45
128GB PU Leather USB 3.0 Flash Drive ECA-564315,(1),$19.04 ,,$14.15
H96 MAX RK3328 Quad Core 4G + 32G Android 8.1 HD Smart TV Box E-556636,(0),$125.82 ,,$50.33
SanDisk A1 64GB UHS-I / Class 10 up to 98MB / s Micro SDHC Memory Card EFM-530162,(4),$19.66 ,44%,$11.05
M3 Smart bracelet Color Screen Band Heart Rate Monitor Blood pressure E-556947,(5),$18.95 ,,$9.78
1/2/5/10 pcs Teflon Gas Hob Oil Protector Liner Reusable Stove Clean Mat Pad HHI-549769,(5),$4.38 ,74%,$1.16
i7 TWS Bluetooth V4.2 Earphones with Charging Case EEP-550657-C9,(2),$18.96 ,60%,$7.63
Mini 1200LM LED USB Rechargeable Tactical Flashlight HLT-521145-C3,(26),$13.24 ,67%,$4.41
6pcs 6-Layer Razor Blades + Shaver Handle HHI-557375,(5),$6.66 ,,$3.32
H96 MAX RK3328 Quad Core 4GB + 64GB Android 8.1 HD Smart TV Box E-556632,(1),$150.05 ,60%,$59.29
1/2/5 pcs 220-240V E27 18W 1650LM 56-LED SMD 5630 LED Corn Bulb HLT-363829-D1,(285),$3.73 ,42%,$2.16
Neoprene Short Beach Socks Diving Socks Non-Slip Antiskid Scuba Dive Boots SGD-548443,(6),$3.66 ,34%,$2.40
SAMSUNG 128GB EVO Plus Micro SDXC UHS-3 Memory Card EFM-530211,(3),$88.59 ,,$27.79
i9s TWS Bluetooth V5.0 Earphones with Charging Case EPA-563569,(0),$19.52 ,35%,$12.65
"Cevapro Cycling Gloves, Touchscreen Winter Gloves Thicken Warm Gloves SBK-559709",(1),$8.76 ,,$6.75
S6 Sport Bluetooth Wireless Headphones Earbuds with Mic EEP-556228,(6),$7.85 ,,$3.30
20mm x 3M/Roll Luminous Tape Self-adhesive Glow In The Dark Safety Stage Tape HHI-540155,(5),$3.58 ,,$1.86
Q18(Apro) Smart Watch Phone Curve Screen 1.3MP Camera Pedometer Sleep Monitor E-486140-C3,(70),$18.95 ,,$10.80
Multifunction Waterproof Silicone Performance Repair Bonding Rescue WireTape HHI-543537,(7),$3.33 ,35%,$2.15
2-In-1 SD/ TF Card Reader with USB/ Micro-USB OTG Adapter EPA-558805,(4),$2.77 ,15%,$2.35
Temperature Sensor Mini Digital LCD Thermometer Hygrometer EDT-561407,(1),$5.78 ,67%,$1.92
K2 Colorful Screen Heart Rate Smart Bracelet IP68 Waterproof Long Standby Time E-542111-C78,(1),$61.32 ,52%,$29.64
Euro Plug 3-USB Ports Smart Fast Charger Power Adapter EPACG-548181,(6),$4.83 ,55%,$2.16
32GB Class 10 Micro SD Card with Card Adapter - Yellow EFM-558763,(3),$7.00 ,,$4.90
Titan Gel Big Dick Herbal Enlargement NMS-546676,(1),$4.53 ,,$3.09
Type-C to USB 3.0 Type A OTG Adapter ECACR-562051,(3),$6.61 ,,$0.90
ESTRELLA  64G USB2.0 High Speed Mini Flash Drive Waterproof USB EUD-555517,(4),$19.49 ,45%,$10.64
Multi-functional Ultralight Folding Portable Credit Card Knives S-523865,(16),$2.88 ,67%,$0.95
Stainless Steel Digital Alarm Stopwatch Wrist Watch Excellent Wristwatch WWT-557947,(6),$6.22 ,,$2.81
Smart Swab Ear Wax Removal Swab Cleaner System w 16 Replacement Heads HHI-558029,(4),$8.99 ,,$2.34
1/2/4 Set of 25-in-1 Screwdrivers with Storage Head Screwdriver Repair Tool Set HHI-530590,(12),$6.30 ,,$4.64
360 WiFi 3 Generation Wireless Wifi Repeater EDT-561481,(4),$6.89 ,62%,$2.60
Universal 3.5mm IR Remote Control EPA-557485,(10),$4.76 ,76%,$1.16
1/4/10 pcs 3M VHB Double Sided Adhesive Acrylic Foam Tape Scotch Tape RTH-545063,(7),$3.48 ,46%,$1.87
Tea Strainer Silicone Coffee & Tea Sets Teapot Accessories Tea tool Tea Infuse HHI-561835,(0),$5.95 ,60%,$2.40
Pair of FXT Ankle-Compression Socks HHI-557139,(1),$3.80 ,52%,$1.83
M5 Magnetic Sports BT 4.1 Waterproof Sports Earphones EEP-560947,(3),$6.66 ,55%,$3.00
64GB PU Leather USB 3.0 Flash Drive ECA-564314,(1),$15.95 ,48%,$8.36
Mini Camera SQ11 Night Vision FOV140 1080P DV Video Recorder EVC-558775,(0),$16.69 ,46%,$8.94
Mini LED Key Finder Locator Find Lost Keys Chain Keychain Whistle Sound Control HHI-534396,(22),$3.12 ,,$1.46
1/2 pcs Standard 1M Magnetic Charge Cable + Detachable Micro USB Metal Plug EPACB-487297,(433),$6.34 ,,$2.73
Aluminum Cycling UV400 Polarized Sunglasses for Driving Cycling Running Golf HHI-558468,(2),$4.58 ,21%,$3.61
Dual Arc Plasma USB Rechargeable Lighter HHI-554727,(1),$18.09 ,,$8.64
I9 TWS Bluetooth V4.2 Earphones with Magnetic Charging Case EEP-556241,(3),$15.77 ,,$11.69
8 LEDs USB Night Light for Laptop Keyboard EDT-562699,(0),$6.44 ,74%,$1.70
I9 Fitness Tracker Smart Bracelet IP68 Heart Rate Blood Pressure Wristband E-545002-C18,(1),$18.19 ,,$11.02
GM320 Infrared Thermometer Non-Contact Laser Gun IR Thermometer EDT-528767,(20),$18.51 ,,$9.30
Adjustable Dial Vision -6D to +3D Myopia Eye Glasses EDT-555493,(3),$16.17 ,52%,$7.73
Shield 1080P Car DVR Night Vision Dashboard Video Recorder with G-sensor RCM-536805-C3,(4),$17.63 ,,$12.02
Original Xiaomi Piston Dazzle Edition Earphones with Mic EEP-455477-C3,(651),$6.71 ,,$5.84
L-Line Magnetic Charging Cable 90 Degree LED Cable for iPhone EPACB-559659,(1),$6.22 ,,$5.81
ORICO 2599US3 2.5 inch USB3.0 HDD/SSD Hard Drive Enclosure Tool-Free ECAHD-507881,(19),$16.71 ,,$12.36
"LENOVO VIBE P1 5.5"" FHD MSM8939 Octa-core Android 5.1 4G Phone P04-LEP1M",(5),$233.52 ,,$146.55
"LENOVO VIBE P1 5.5"" FHD MSM8939 Octa-core Android 5.1 4G Phone P03-LEP1M",(4),$234.84 ,,$156.22
Original Xiaomi Roidmi 2S Music Bluetooth Car Charger RCG-518810,(8),$19.57 ,20%,$15.71
Unisex Folding Magnetic Magnifying Neck Hanging Reading Glasses HHI-490694,(157),$5.45 ,,$2.79
Original Xiaomi Roidmi 2S Bluetooth Car Charger- INTERNATIONAL VERSION RCG-519355-C3,(6),$41.13 ,52%,$19.89
"BLACKVIEW BV6000 4.7"" HD MTK6755 64-bit Android 6.0 3GB RAM 4G Phone P084-BV6000",(89),$257.77 ,,$194.32
POFAN Micro USB / 8 Pin USB Charging Cable for iPhone and Android EPA-518036-C2,(43),$6.36 ,,$3.01
"2.5"" 720P Car DVR Recorder 6 LED Infrared Night Vision Camera RGP-515638",(30),$17.29 ,,$15.91
"LEAGOO M5 MTK6580 Quad-core 5.0"" HD Android 6.0 Touch ID 3G Phone P07-LEAM5",(7),$147.95 ,,$77.92
"LEAGOO M5 MTK6580 Quad-core 5.0"" HD Android 6.0 Touch ID 3G Phone P05-LEAM5",(24),$147.73 ,,$77.80
"USB 3.0 to 2.5"" Mobile HDD/SSD SATA Hard Drive Cable Adapter HHI-494016",(27),$10.75 ,,$5.47
Mini USB Rechargeable LED Flashlight Waterproof Torch with Keychain STH-386687,(13),$5.01 ,,$2.47
10pcs LED Light-up Balloons Luminous Balloon for Party Decor HHI-469167,(40),$5.42 ,,$2.68
"XIAOMI MI 5S 64GB ROM 5.15"" FHD Snapdragon 821 Android 6.0 4G Phone P03-MI5S",(26),$396.25 ,14%,$338.99
BASEUS 1M Magnetic Charge Cable + Detachable Micro USB Metal Plug EPACB-517039,(3),$9.36 ,,$8.19
UV Ultra Violet Blacklight 12 LEDs Flashlight Torch Light HLT-520936,(47),$6.18 ,,$3.58
2pcs Stainless Steel Vacuum Sealed Red Wine Bottle Stopper Spout KB-510170,(23),$3.77 ,,$3.73
16-LED Solar Powered Motion Infrared Induction Security Wall Light HSI-310119,(74),$18.12 ,,$10.85
"ASUS Pegasus 2 Plus X550 5.5"" 64-bit Octa-core Android 5.1 4G Phone P04-ASFM2",(24),$263.52 ,57%,$113.99
Colorful Yoga Anti Skid Slip Socks Deodorant Breathable Toe Socks DST-500091,(127),$3.62 ,,$2.13
Magic Nano Emery Sponge Brush Eraser Cleaner Rust Cleaning Tool HKI-502638,(54),$3.28 ,,$1.18
MiraScreen 2.4GHz Wireless HDMI AM8252 Wi-Fi Display Dongle ETATH-505244,(42),$16.72 ,,$12.65
220-240V E27 18W 1650LM 56-LED SMD 5630 LED Corn Bulb HLT-363829-D1,(277),$5.82 ,61%,$2.29
"CUBOT MAX 6.0"" HD MTK6753A Octa-core 64-bit Android 6.0 4G Phone P07-CUMAX",(4),$279.70 ,,$135.46
Simplified Package 216 x 3mm Buckyballs Magnetic DIY Balls Neocube TTH-417687,(10),$8.53 ,,$4.51
"HOMTOM HT17 5.5"" HD MTK6737 64-bit Quad-core Android 6.0 4G Phone P05-HT17",(51),$98.34 ,,$78.68
Original Xiaomi Dual Driver Stereo In-ear Earphone with Mic IEM EEP-490873,(82),$19.30 ,,$17.88
Silicone Plastic Wrap Sealing Vacuum Lid for Bowl to Keep Fresh HKI-470788,(25),$3.60 ,,$1.84
"OUKITEL K6000 PRO 5.5"" FHD 3GB RAM MTK6753 Android 6.0 4G Phone P04-K6000P",(51),$275.85 ,46%,$148.99
Stereo In-ear Earphone Reflective Fiber Cloth Line w/ 3.5mm Jack EEP-489927-C35,(58),$3.29 ,,$1.31
XIAOMI REDMI NOTE 4 MTK6797 Deca-core 16GB ROM Android 6.0 4G Phone P086-HMNO4,(0),$276.76 ,,$169.24
Meegopad T07 Pro Windows 10 Z8350 4GB 32GB Mini PC w/ HDMI USB Port E-505951,(10),$193.20 ,,$107.73
37 inch Retractable Micro USB Charge/Sync Colorful Light Cable EPACB-468956,(62),$6.05 ,,$1.82
UV400 Cycling Bicycle Bike Sports Eyewear Sunglasses Riding Glasses SBK-494441,(54),$3.63 ,,$2.03
USB Rechargeable Cigarette Lighter with Red LED Light HHIJL-371348,(42),$4.61 ,,$2.08
"LETV LE MAX 2 MSM8996 5.7"" 2K 4GB RAM 32GB ROM Android 6.0 4G Phone P081-LEMAX2",(2),$227.86 ,,$217.95
"LETV LE 2 MTK6797 Deca-core 3GB RAM 32GB ROM 5.5"" Android 6.0 Phone P04-LEP2",(47),$214.37 ,,$175.66
Outdoor Sport Safety Warning Wrist LED Light Clip Luminous Lamp HLT-520170-D8,(1),$5.02 ,,$2.07
1.2M Black Xiaomi USB Data Cable EPACB-384733,(66),$2.75 ,,$1.60
Universal Mobile Wireless Charger Quick Charging Adapter Receptor EPACG-520235,(2),$5.28 ,,$4.03
ESCAM QF002 Wi-Fi 720P IP Security Camera with Night Vision IR Cut SCM-496272,(27),$38.53 ,,$36.41
"OUKITEL U7 PLUS 5.5"" HD MTK6737 64-bit Quad-core Android 6.0 4G Phone P086-U7PLUS",(10),$136.68 ,,$81.03
"LETV LE 2 MTK6797 Deca-core 3GB RAM 16GB ROM 5.5"" Android 6.0 Phone P04-X620",(3),$186.69 ,,$157.21
20pcs Black Rose Flower Plant Seeds TDS-378201,(17),$2.77 ,,$1.17
"QCONG METAL 5.5"" FHD MTK6753 Octa-core Android 5.1 4G Phone 3GB RAM P03-QCONG",(10),$235.38 ,,$102.42
Mini Universal QI Wireless Charger Power Transmitter for Samsung EPACG-492582,(45),$6.30 ,,$3.33
SQ8 Mini DV Action Camera 1080P Full HD Car DVR with Night Version EVC-508721,(10),$18.69 ,,$14.55
Super Mini Gorgeous Speaker TF Card Player Colorful Light Voice Box HHITH-520853-C4,(1),$6.10 ,,$2.84
1.5M Apple 8Pin USB Cable Charge/Sync Nylon Cable f iPhone iPad iPod EPA-513589,(51),$3.98 ,,$2.03
GT08 Smart Watch Phone 2.5D Screen Dialer Sleep Calories Monitor E-511432,(84),$17.65 ,,$16.17
Original Xiaomi Real-time Detection Temperature and Humidity Sensor E-510657,(50),$16.49 ,,$8.73
Draw-out Design Fridge Storage Rack Shelf Sliding Drawer Organizer HKI-511328,(6),$5.89 ,,$3.81
Stainless Steel Vacuum Sealed Red Wine Bottle Stopper Spout HKI-507455,(58),$4.48 ,,$2.34
Car Anti-slip Pad Navigation Holder Slip Mat Dashboard RTH-519917,(3),$3.86 ,,$1.94
"LENOVO K5 NOTE 5.5"" IPS FHD 64-bit Octa-core MTK6755 4G Phone P04-K5NOTE",(16),$397.92 ,,$153.19
OUKITEL K6000 PRO Android 6.0 4G Phone + Flip Cover + Screen Protector KB-512693,(41),$290.11 ,,$155.83
Xiaomi Mijia Upgraded Portable Mini Bendable 5V 2.5W USB LED Light E-498351,(59),$6.39 ,,$2.88
Euro Plug 5V 2.0A 3-USB Ports Smart Fast Charger Power Adapter EPACG-399224,(152),$4.61 ,,$2.45
Stainless Steel Wine Bracelet Thermometer with LCD Display HKI-499938,(87),$3.63 ,,$1.85
"HOMTOM HT17 PRO 5.5"" HD MTK6737 Quad-core Android 6.0 4G Phone P04-HT17P",(8),$116.70 ,,$90.44
"CUBOT DINOSAUR 5.5"" HD 3GB RAM MTK6735A Quad-core Android 6.0 4G Phone P05-DINOS",(45),$165.35 ,,$116.73
Simple Package Xiaomi Mi Band 1S Smart Bracelet Heart Rate Monitor E-500090,(287),$18.57 ,,$13.26
20Pcs VTIE Elastic Lazy No-Tie Shoelace Fit All Unisex Sneakers STH-518321,(3),$4.35 ,,$2.34
Sports Breathable Insoles Shock-absorbing Arbitrarily Cut Insoles DTH-509268,(3),$3.57 ,,$2.66
Universal Grip Socket Multi-function Hand Tools w/ Power Drill Adapter S-493719,(72),$15.40 ,,$7.30
Unisex Folding Magnetic Neck Hanging Reading Glasses with LED Light DGS-499934,(77),$4.08 ,,$2.76
E27 3W RGB Auto Rotating Colorful Stage Light Bulb Lamp 85-265V HLT-499752,(49),$5.85 ,,$2.90
Digital Probe Cooking Food Temperature Sensor BBQ Kitchen LCD Display SCH-513318,(4),$6.29 ,,$3.35
Original Xiaomi 20000mAh Dual USB Fast Charger Power Bank EBTPH-491549,(11),$45.25 ,,$33.91
"LENOVO A916 5.5"" HD MTK6592 Octa-core 4G LTE Phone P05-A916",(50),$192.36 ,,$73.10
LETV LE 2 PRO MTK6797 Deca-core 4GB RAM 32GB ROM Android 6.0 Phone P04-LE2PRO,(5),$288.84 ,,$189.24
Red Seven Flashing Modes Warning Light Bike Safety Lane - 2 Laser Beam OPJ-480690,(92),$5.24 ,51%,$2.59
"OUKITEL U15 Pro 5.5"" HD MTK6753 Octa-core Android 6.0 4G Phone 3GB RAM P086-U15PRO",(20),$148.06 ,,$120.42
"LENOVO X3 LITE 5.5"" FHD MTK6753 Octa-core Android 5.1 4G Phone P05-LEX3",(25),$282.84 ,,$130.16
LED Display Car Charger 4.8A Dual USB Smart Output Car Charger RCG-519053,(1),$8.46 ,,$7.70
Original Xiaomi Mijia Power Socket Wifi Remote Control Switch Socket E-509889,(4),$19.32 ,,$11.04
Multifunctional Water-saving 60% ABS Faucets Water Bubbler HHI-327698,(253),$3.61 ,,$1.66
2 x 0.2MM Nano HD 2.5D Explosion-proof Film for Xiaomi Miband 2 E-517328,(48),$3.67 ,,$1.43
NO.1 D5+ Quad-core MTK6580 1G/8G Android 5.1 450mAh Heart Rate Monitor E-519281-C3,(41),$240.98 ,,$108.57
Original Xiaomi ROIDMI Dual USB Car Charger BT 4.0 Charger Adapter E-493805,(62),$18.96 ,,$9.75
DZ09 Dialer Smart Watch Phone + New Silicone Bracelet Digital LED KB-516335,(67),$17.33 ,,$14.79
3 in 1 Stainless-Steel Pineapple Corer Slicer Peeler HHI-516701,(1),$5.99 ,,$4.48
AXGIO Apple MFi Change/Sync Lightning Cable for iPhone 7/7 Plus iPad EPACB-453510,(35),$6.26 ,,$4.68
MD81 Mini WiFi IP CCTV Surveillance Camera DV for Android iPhone PC EVC-330074,(11),$19.05 ,,$16.27
"BLACKVIEW BV6000 4.7"" HD MTK6755 64-bit Android 6.0 3GB RAM 4G Phone P085-BV6000",(49),$254.81 ,,$192.09
Replaceable Sealed Simple Package Xiaomi Miband 2 Wrist Strap Band E-517889,(50),$3.53 ,,$1.66
Light Controlled Square LED Wall Night Lamp Bedroom Night Light HLT-506114,(141),$4.45 ,,$2.08
8X Zoom Telescope Camera Optical Lens f Mobile Phone w Adjusted Holder STS-509933,(30),$18.11 ,,$8.78
Mini I8+ Wireless 92key Backlit Air Mouse Touchpad f Laptop TV Box ECAKB-510384,(9),$18.11 ,,$11.75
2.4GHz Wireless Optical Gaming Mouse for PC DPI Adjustable ECAMS-496120,(81),$5.91 ,,$4.12
Car Mount Holder wih Telescopic Neck & Sticky Gel Pad for Mobile Phone RTH-511816,(33),$9.32 ,,$6.91
Mini Snoring Nose Clips Snoring Device Snoring Plug Anti Snoring DTH-499950,(64),$2.27 ,,$1.30
"LENOVO VIBE X2 MTK6595M Octa-core 5.0"" IPS FHD 4G LTE Phone P07-VIX2",(47),$346.58 ,,$118.83
Unisex Folding 360 ° Rotating Reading Presbyopic Glasses Eyeglasses DGS-499930,(123),$3.46 ,,$2.32
2 x Standard Magnetic 1M Micro USB Cable Sync/Charge Cable f Samsung KB-510827,(12),$6.48 ,,$5.20
3 in 1Multifunction Sonic Teeth Whitening Stain Erase Whitening Teeth BKH-510546,(7),$16.03 ,,$9.07
ASUS Zenfone Pegasus 3 MTK6737 Quad-core Android 6.0 4G Phone 3GB RAM P04-X008G,(2),$218.98 ,,$149.31
Dacom Super Mini K28 Bluetooth 4.1 In-Ear Wireless Headset f iPhone 7 EEP-520682-C3,(0),$14.79 ,,$8.27
XIAOMI REDMI NOTE 4 PRO 3GB RAM 64GB ROM MTK6797 Android 6.0 4G Phone P04-HMNO4G,(20),$426.08 ,,$184.30
Stainless Steel Small Quickdraw Carabiner with Locking SCH-314987,(17),$2.66 ,,$1.31
YG300 Mini Portable LED Projector HD with HDMI/USB/AV OPJ-515431,(7),$59.35 ,,$42.57
Magnetic Therapy Tourmaline Thermal Self-Heating Neck Pad BBI-276863,(112),$3.81 ,,$1.43
USAMS 360 Degree Rotation Anti-slip Car Air Vent Phone Holder EDC-508361,(19),$5.30 ,,$4.30
"DOOGEE T5 LITE IP67 MTK6735 Quad-core 5"" HD Android 6.0 4G Phone P05-DGT5L",(3),$197.34 ,,$118.40
SAMSUNG 64GB EVO Class 10 Micro SDXC TF Memory Card EFM-353381,(49),$35.04 ,,$24.50
10Pcs VTIE Elastic Lazy No-Tie Shoelace Fit All Unisex Sneakers STH-518328,(6),$2.62 ,,$1.81
"NO.1 A9 2.4"" Flashlight 4800mAh Battery IP67 Waterproof Rugged Phone P080-NOA9",(11),$38.10 ,,$36.19
"LENOVO VIBE P1 3GB RAM 5.5"" FHD MSM8939 Octa-core Android 5.1 4G Phone P04-LEP1",(44),$215.21 ,,$156.52
YWXLIGHT 220-240V 12W 960LM SMD 5730 Octagonal LED Ceiling Lamp HLT-515166,(30),$6.26 ,,$3.15
9Pig Luminous Newton's Cradle Pendulum Ball w 3 Modes Toy TDS-362103,(3),$40.25 ,11%,$35.89
30X60 Day Night Vision Zoom Folding Optical Binoculars Telescope STS-509744,(32),$14.60 ,,$7.47
2Pcs Mosquito Killer Lamp LED Night Light Romantic Sleeping Lamp KB-516566,(1),$6.23 ,25%,$4.65
"HOMTOM HT17 PRO 5.5"" HD MTK6737 Quad-core Android 6.0 4G Phone P05-HT17P",(0),$118.10 ,32%,$79.99
Повышеный Портативный Мини Xiaomi Сгибаемый 5V 2.5W USB LED Ламп E-498351,(50),$6.65 ,,$2.88
1m Magnetic Detachable 8 Pin Plug to Data/Charge USB Cable f iPhone EPACB-511111-C35,(9),$17.77 ,,$4.43
Унисекс Складывания 360 ° Вращающийся Чтения Пресбиопического Очки DGS-499930,(122),$3.60 ,,$2.61
4-in-1 Bluetooth 4.0 Anti-Loss Keychain Tracker Selfie Remote Button EPATH-393410-C17,(60),$5.86 ,61%,$2.29
30X60 Day Night Vision Zoom Folding Optical Binoculars Telescope STS-509744,(26),$10.04 ,22%,$7.79
No.1 D6 Smart Watch Phone Google Play 1G/8G Android 5.1 Wi-Fi WWT-515056-C3,(41),$115.95 ,,$81.73
2M 6 LED 7mm Lens IP67 USB Эндоскоп для Android Смартфона и PC EPA-503278,(41),$18.76 ,,$9.33
Fashionable 3 in 1 Clip Fisheye Macro and Wide Angle Lens EPATH-406174,(124),$6.12 ,63%,$2.26
USB 3.1 Type-C Male to Micro USB Female Adapter f Mac Smartphone EPACB-486194,(16),$1.57 ,,$1.16
Original Xiaomi Real-time Detection Temperature and Humidity Sensor E-510657,(7),$10.11 ,,$7.50
360 Degrees Rotatable Car/Bike Multi-function Smartphone Holder EPA-489616,(46),$5.26 ,32%,$3.56
8000mAh Dual USB Solar Power Bank w/ 12 LED Light for Smartphone EBTPH-508125-C3,(41),$23.67 ,,$12.27
220-240V E27 12W 1100LM 36-LED SMD 5630 LED Corn Bulb HLT-363807,(82),$3.39 ,,$1.88
KINGSTON TF Card 16GB Class 10 Memory Card with SD Adapter EFM-400786,(18),$9.78 ,,$6.45
AXGIO 4.8A Dual-Port Rapid Car Charger for iPhone iPad Samsung E-506371,(13),$6.35 ,,$6.16
"TECLAST X98 Plus II 9.7"" Win10 Android 5.1 Z8300 4GB 64GB Tablet ETC-516303",(5),$488.31 ,,$190.84
Тайна Плавающей UFO Летающая Тарелка Фрисби Магический Трюк Игрушка TDS-495779,(67),$3.27 ,,$1.48
OLED SPO2 Oxygen Monitor Fingertip Pulse Oximeter BKH-510096,(37),$13.83 ,,$13.30
Foldable Knife Stainless Steel Folding Hunting Oudoor Survival Knives S-513596,(8),$5.22 ,,$4.59
360° Rotating Universal Magnetic Car Cellphone Holder with Spring Clip RTH-512138,(17),$6.19 ,,$3.39
"Мини-Храп Нос Клипы Храп Устройств, Храп Вилка Антивирус Храп DTH-499950",(60),$1.44 ,,$1.28
Black Folding Knife Mini Pocket Knife Portable Camping Key Ring STH-408699,(17),$2.24 ,,$2.09
6pcs Tiger Head Menthol Balm Refreshing Relief Headache Oil BBI-457888,(77),$2.63 ,,$1.43
ZEALOT Bluetooth 4.0 Waterproof Speaker w/ Power Bank f Smartphone HHITH-459346,(5),$18.55 ,,$16.04
Sunvell Q-Box S905 Android 5.1 Kodi 4K Gigabit Ethernet 2/16GB TV Box E-509989,(5),$75.68 ,,$60.34
2.4GHz 1600dpi Wireless Optical Mouse Mice CMS-11833,(2829),$4.46 ,,$3.41
Mini Type Folding Metal Magnet Cigarette Tobacco Smoking Pipe HHI-508768,(6),$4.36 ,,$3.08
"RITECH Virtual Reality 3D Glasses f 3.5-5.6"" Smartphones w/ Earphone KB-516338",(46),$11.41 ,,$8.23
Replacement Stainless Steel Metal Strap Wrist Band for Xiaomi MiBand 2 E-516617,(43),$17.19 ,,$10.63
KINGSTON 16GB UltimateX Class 10 Micro SD Card EFM-268210,(265),$12.80 ,,$6.54
2 x Standard Magnetic 1M Micro USB Cable Sync/Charge Cable f Samsung KB-510827,(6),$5.33 ,,$5.18
NO.1 G3 Смарт Часы Терефон Полный Круговой Dialer E-506787-C3,(59),$52.58 ,,$46.39
TW64S Смарт Браслет Вызов Multi Монитор Сердечного Ритма E-506116-C4,(47),$18.73 ,,$14.56
3-LED Solar Powered Fence Gutter Light Outdoor Wall Pathway Light HSL-229667,(37),$6.27 ,,$5.37
Universal Magnetic Cell Phone Car Mount Holder for all Smart Phone RTH-508010,(12),$3.95 ,,$3.06
Экономия 40% Душ Голова Воды Усилитель с 300 Отверстиями HHI-504458,(48),$10.28 ,,$6.33
"CUBOT DINOSAUR 5.5"" HD 3GB RAM MTK6735A Quad-core Android 6.0 4G Phone P04-DINOS",(49),$165.89 ,,$117.10
0.3mm Ultra-thin Tempered Glass Screen Film f iPhone 6/6s EPASP-339285,(34),$3.15 ,,$2.26
Portable Neck Cervical Therapy Massager Body Health Item-Color Random BKH-293473,(25),$17.97 ,,$15.43
Transparent Underwater Waterproof Case Bag for Under 5.5'' Phone S-517993,(0),$2.74 ,27%,$1.99
1.5 М 3.5mm Aux Портативные Аудио Расширение Нейлон Кабель EPACB-506110,(10),$2.83 ,,$1.59
2016 New 6 inch Fluorescence Transparent Waterproof Bag f Smartphone EPACB-511214-C4,(8),$10.11 ,,$3.41
Square Box Xiaomi BT 4.0 Hands-free Speaker w/ Mic HHITH-392622,(56),$24.13 ,9%,$21.85
CUBOT V1 Smart Bracelet Touch Screen Big Battery Sports Tracker E-517507-C3,(45),$14.31 ,,$11.99
"RITECH Virtual Reality 3D Glasses for 3.5-5.6"" Smartphones EPATH-370295",(79),$17.66 ,,$8.25
925 Стерлингового Серебра Браслет Гипотенуза Grid Образный DJA-507625,(79),$3.00 ,,$1.95
Fashionable Cellphone Holder Bracket Seat EPA-518077,(0),$9.36 ,,$7.81
2pcs Creative Table Side Cup Holder Clip Beverage Keeper KB-510167,(1),$4.90 ,,$4.59
1.5m Микро USB 3.0 Данных Sync/Зарядник Помехоподавляющий Кабель EPACB-507057,(10),$3.34 ,,$1.78
Rechargeable Portable Powerful Mini Fan E-518034,(0),$7.93 ,,$6.54
"LENOVO X3 YOUTH 5.5"" FHD MTK6753 Octa-core Android 5.1 4G Терефон P07-LEX3",(39),$244.04 ,46%,$132.99
Arotek 8 LED Solar Bright Waterproof Lights Security Night Light HLT-516381,(43),$15.36 ,35%,$9.99
2pcs Stainless Steel Vacuum Sealed Red Wine Bottle Stopper Spout KB-510170,(21),$3.92 ,,$3.80
"OUKITEL K6000 PRO 5.5"" FHD 3GB RAM MTK6753 Android 6.0 4G Phone P04-K6000P",(47),$196.24 ,,$162.88
Fashion Titanium Steel Finger Ring with Chain Decor for Men NAF-237268,(2),$4.14 ,,$3.09
Casual Duck Down Gore-tex/Water Resistant Purity Puffer Coats NWJ-241921,(1),$49.83 ,,$46.71
"Планшет (CUBE) U25GT 7"" Android 4.2.2 8GB RK3168 2-ядерный L-193334",(16),$76.99 ,,$76.11
Chic Quartz Wristwatch with Alloy Band for Woman WWM-206686,(12),$8.95 ,,$8.49
Purity Floral Lace Mid Sleeve Crewneck Tunic Elegant Dresses NWO-210422,(3),$17.59 ,,$15.80
"Планшет (ALLFINE) Fine10 Joy 10.1"" IPS Android 4.1 16GB L-197595",(0),$247.13 ,,$176.99
"(IPPO) Q9 Pro 9"" HD экран Android 4.2.2 A20 2-ядерный 8GB L-216689",(9),$103.23 ,,$99.99
8-Color Moisturizing Lip Gloss HCI-216491,(7),$8.39 ,,$5.05
Wired Game Controller for XBOX 360 GBX-241823,(0),$49.41 ,,$24.71
(CURREN) Genuine Leather Strap Quartz Watch Timepiece f Men WMN-250517,(0),$7.49 ,,$6.36
Magic Charcoal Blackhead Remover for Girls HCI-76676,(221),$4.30 ,,$4.21
"(AINOL) NOVO7 Eos 7"" IPS Screen Android 4.0 Dual-core 3G Phablet L-234737",(17),$181.55 ,,$149.11
Evening Special Lace Purity Floral Garters Sexy Lingerie NUL-246504,(0),$7.48 ,,$3.74
PES 2013 Analog Controller Wireless Controller for PS1 PS2 GP2-109329,(17),$23.97 ,,$11.99
"(IPPO) V7 7"" HD экран Android 4.2.2 RK3026 Dual-core 4GB L-245534",(0),$138.27 ,,$69.11
(TOGEX) Cool мужские кварцевые часы WMN-115948,(127),$4.79 ,,$4.29
Warm Cotton Duck Down Patchwork Jacket Coats With Hoodie for Men NMD-249082,(0),$61.61 ,,$53.11
2 x Rubber Elastomer Feet Thumb Protector HBI-236968,(4),$4.51 ,,$3.60
(MARCAS) Pair of Titanium Steel Gold-plating Earrings for Female NAF-226250,(4),$3.29 ,,$2.55
"2-in-1 7"" Android 4.0 4GB WiFi Netbook w/2.4 GHz Mouse KB-248341",(0),$91.89 ,,$82.38
(BK) 6 x 7ml Fluorescent Nail Polish Nail Art HLC-224337,(11),$10.35 ,,$8.64
7 x Memorial Crystal Dragon Ball - Large FTY-247251,(0),$27.54 ,,$22.59
Cool Camera Pattern Key Ring with Sound & Light FKC-246417,(0),$4.72 ,,$2.35
"4.0"" 2 SIM 4 Band разблокированный мобильный телефон P05-I9300JX",(14),$45.49 ,,$41.99
"7"" 4GB E-Book Reader Portable Media Player PDF Reader - White B-181643",(3),$59.10 ,,$52.99
"(IPPO) F9 9"" Android 4.1 MTK8377 два-ядра 3G фаблет L-219069",(2),$172.66 ,,$162.49
MERCURY MW300R 300Mbps IEE802.11n/b/g Wireless Router CNP-242616,(2),$24.06 ,,$21.65
Mini Rechargeable 3.5-CH RC Helicopter with Gyroscope FAP-249778,(0),$26.90 ,,$22.86
Складная  беспроводные гарнитура с кабелем mini USB  CHS-166116,(8),$17.56 ,,$14.99
"(ONDA) V975 9.7"" Retina IPS Android 4.2 Quad-core Tablet PC L-237415",(3),$261.30 ,,$223.99
4 x Cartoon Anime Dragon Ball Figure Assembling Doll FTY-245539,(0),$17.40 ,,$14.09
"Планшет (ALLFINE) Fine11 Wide 11.6"" Android 4.1 4-х ядерный  L-208592",(6),$365.27 ,,$261.61
"(ZOPO) ZP980S 5.0"" FHD Gorilla Glass MTK6589T Android 4.2 Phone P07-ZP980S",(0),$319.99 ,,$299.99
"(IPPO) P7 7"" Android 4.2.2 8GB MTK8389 3G фаблет с GPS TV L-244781",(0),$156.07 ,,$142.99
FC30 Dual-mode Bluetooth GamePad for PS3/ PC / iPhone/ Android GWI-234878,(1),$43.62 ,,$33.15
Magnetic Electric Eyes Massager - 9-Mode HKH-241907,(9),$27.64 ,,$11.02
"(ONDA) V819 Mini 7.9"" IPS Android 4.2 Quad-core 16GB Tablet L-237414",(0),$189.07 ,,$150.99
"(ONDA) V972 9.7"" Retina Android 4.1 32GB 4-ядра Планшет L-185560",(3),$258.89 ,,$234.49
MK809III Android 4.2 RK3188 ТВ приставка+ WiFi+HDMI+ Bluetooth TTH-204364,(4),,,
"Телефон (ZOPO) ZPC3 5.0"" FHD MTK6589T Android 4.2.1 3G  P05-ZPC3",(0),$279.99 ,,$269.99
"Планшет 7"" Android 4.1 4 ГБ Wi-Fi Камера CPU 1.2 ГГц  L-162947",(14),$64.60 ,,$60.99
(B-LINK) 802.11 b/ g/ n 150Mbps USB Wireless WiFi Adapter CNP-91905,(14),$6.47 ,,$5.31
3D-Men Style Stand for iPhone Cell Phone MHD-237051,(1),$3.00 ,,$2.25
Round 3-mode LED Clip-on Pet Safety Light Pendant HPA-245057,(0),$3.13 ,,$2.73
Multifunctional Rechargeable Hair Clipper - Color Assorted HBI-88179,(163),$18.94 ,,$17.21
Waterproof Binary Unisex LED Watch w/(AM/PM Time + Date Display) WUS-242839,(0),$13.04 ,,$10.59
Stainless Steel High Strength Ultralight Portable Wire Cutter QCH-249070,(0),$2.61 ,,$2.09
Flower Pattern Dial Quartz Watch w/ PU Leather Strap f Women WWM-238671,(1),$3.70 ,,$3.10
New Quartz Watch Wrist Watch w/ PU Leather Band f Woman WWM-180731,(18),$4.67 ,,$3.90
Girl Version Imitated Vaginal Masturbators for Male Men HNM-233493,(0),$21.71 ,,$16.99
55g Flawless Nude Makeup Cosmetic BB Cream -Pink Beige HCI-132788,(102),$4.01 ,,$3.36
"(UMI) C1 6.44"" LTPS FHD OGS Screen MTK6589T Android 4.2 Phone P07-UMC1",(0),$399.99 ,,$349.99
Stylish Bracelet Quartz Watch w/ 3 False Sub-dial f Women WWM-241857,(1),$11.38 ,,$9.56
3.5mm Male to 3.5mm Male Jack Audio Extended Cable MCB-211528,(3),$2.31 ,,$2.00
"2.7"" LCD 1080PFHD 140°Wide Angle Car DVR Driving Recorder w/HDMI VDV-223829",(0),$44.55 ,,$39.85
(HTM)  X5292 3.5“ preadtrum S7710 Android 2.3.6 3G Smart Phone P081-X5292,(0),$59.99 ,,$52.99
100-LED 10M 220-240V 8-Mode Christmas LED String Lights HLD-231919,(1),$11.73 ,,$5.26
8-Color Moisturizing Lip Gloss HCI-216491,(9),$8.39 ,,$5.05
"(IPPO) V7 7"" HD экран Android 4.2.2 RK3026 Dual-core 4GB L-245534",(0),$138.27 ,,$72.99
"4.3"" Ultra-thin 8GB Game Console with AV-Out/Camera - Black GM5-256455",(0),$39.71 ,,$35.74
Gold Plating Wheatear Style Necklace Neck Chain Jewelry for Men NAF-254204,(0),$9.31 ,,$6.75
"Телефон (ZOPO) ZPC3 5.0"" FHD MTK6589T Android 4.2.1 3G  P05-ZPC3",(0),$279.99 ,,$249.99
"(AINOL) NOVO8 Mini 7.85"" Android 4.1.1 Dual-core 8GB Tablet PC L-249652",(6),$180.19 ,,$89.99
"(FEITENG) H9000 4"" Spreadtrum SP6820 Android 2.3.6 WiFi Phone P07-0009H",(0),$109.99 ,,$53.99
100-LED 10M 220-240V 8-Mode Christmas LED String Lights HLD-231922,(1),$12.03 ,,$6.01
"(XIAOCAI) X800 4"" MTK6572 Android 4.2.2 Dual Core WiFi 3G Phone P01-X800",(0),$159.99 ,,$99.99
Women's PU Leather Quartz Bracelet Watch Wristlet w/ Rivet Decor WWM-153114,(212),$5.42 ,,$5.22
"Seagate Expansion 1TB 2.5"" USB 3.0 Mobile Hard Disk Drive HDD CHP-199025",(14),$101.48 ,,$89.44
(SPOVAN) Men's Sports Digital Watch w/ Altimeter/Barometer WMN-247286,(6),$156.99 ,,$126.99
Mini Exquisite 4-String Wooden Guitar with Pick for Music Lovers FMS-239533,(1),$19.18 ,,$15.59
(CURREN) Genuine Leather Quartz Wrist Watch w/ Date for Men WMN-233363,(10),$11.57 ,,$10.39
"Factory Direct 7"" Android 4.1.1 RK3066 Dual-core 4GB Tablet ETC-266906",(0),$89.99 ,,$58.99
Fashion Quartz Watch w/ Knitted PU Leather Band for Lady WWM-180705,(31),$4.67 ,,$3.69
Plastic Shaker Bottle Blender Bottle HLI-156098,(58),$6.00 ,,$5.44
X3-02 4-Axis 3D 2.4GHz Wireless UFO RC Helicopter Toy for Kids FAP-204294,(14),$54.18 ,,$46.28
"(IPPO) X9 9"" Android 4.2.2 8GB A20 2-ядерный планшет с WiFi L-234122",(3),$178.95 ,,$97.29
"(PIPO) M8HD WiFi Version 10.1"" Android 4.2.2 16GB RK3188 Tablet  L-255870",(0),$269.99 ,,$256.69
(ALIKE) 50M Waterproof Analog-digital Watch with Alarm for Men WMN-234983,(7),$25.00 ,,$9.99
Black Headset with MIC for Xbox 360 LIVE GBX-197909,(16),$10.09 ,,$8.12
"2.7"" LCD 1080PFHD 140°Wide Angle Car DVR Driving Recorder w/HDMI VDV-223829",(1),$44.55 ,,$39.85
Cleverish Solar Powered Key Ring with Flashlight FSI-205972,(12),$1.99 ,,$1.69
Bicycle Universal Spider Phone Holder SBK-258906,(0),$6.46 ,,$4.54
MERCURY MW300R 300Mbps IEE802.11n/b/g Wireless Router CNP-242616,(3),$24.06 ,,$21.65
SHO-ME 525+ 360 Degrees Radar Detector for Car - Black RGP-251656,(0),$56.81 ,,$50.95
Protective Soft Silicone Case for Sony PS4 Controller EVG-261378,(0),$3.05 ,,$2.44
7-in-1 Makeup Brushes Cosmetic Brushes Set HBI-242280,(1),$6.35 ,,$5.39
"4.3"" Double Rocker 4GB Game Console with AV-Out/Camera –  Black GM5-256536",(0),$39.89 ,,$37.90
"(OUCCA) DV-T95 2.7"" 16MP COMS 720P HD 16X Digital Zoom Camcorder VDV-221189",(1),$63.59 ,,$58.99
"(DOOGEE) MAX DG650 6.5"" MTK6589T Android 4.2.2 Phone P07-DG650",(0),$399.99 ,,$329.99
"(AOSON) M33 9.7"" Capacitive Retina Screen Quad-Core 16G Table PC L-186751",(6),$250.57 ,,$220.69
Stylish PU Leather Quartz Bracelet Wrist Watch for Women WWM-255919,(0),$5.13 ,,$4.49
(PE) 7ml Glow In The Dark Nail Polish Nail Varnish BBI-262066,(0),$2.99 ,,$1.89
"(JIAKE) MINI9500 4"" Spreadtrum SP6820 Android 2.3.6 WiFi Phone P07-JK809",(0),$129.99 ,,$59.99
"(IPPO) F978 9.7"" Android 4.2 MTK8389 3G Tablet Phone w/ GPS TV L-234515",(0),$243.40 ,,$219.99
(IK COLOURING) Mechanical Watch w/ Genuine Leather Strap f Men WMN-238561,(9),$55.91 ,,$54.54
"(GPAD) G10D 7"" Android 4.0 4GB Tablet PC + Screen Protector KB-253207",(0),$78.75 ,,$59.19
Fashion Cotton-Padded Warm Pet Clothes Winter Dog Clothes HPA-227663,(0),$14.82 ,,$9.59
"7"" Android 4.0 2160P 4GB Tablet PC + Free Gift Screen Protector KB-253206",(0),$69.33 ,,$57.19
"(FEITENG) H9000 4"" Spreadtrum SP6820 Android 2.3.6 WiFi Phone P01-0009H",(0),$109.99 ,,$53.99
Stylish Bracelet Quartz Watch w/ 3 False Sub-dial f Women WWM-241857,(2),$11.38 ,,$9.56
1m Lightning Cable w/ EU Adapter f iPhone 5/ 5s/ 5c - Golden EPACG-260745,(0),$9.69 ,,$5.48
Magnetic Electric Eyes Massager - 9-Mode HKH-241907,(11),$27.64 ,,$11.02
(BK) 6 x 7ml Fluorescent Nail Polish Nail Art HLC-224337,(11),$10.35 ,,$8.64
"(XIAOCAI) X800 4"" MTK6572 Android 4.2.2 Dual Core WiFi 3G Phone P04-X800JA",(0),$159.99 ,,$99.99
2pcs Christmas Series Mural Static Cling Window Stickers HDS-257083,(0),$7.99 ,,$3.69
19pcs Rose Soap Flower Bath Confetti - Color Assorted HLI-142198,(15),$20.49 ,,$10.15
PU Leather Case Protective Case f Sony Xperia Z1 MLC-251661,(0),$6.99 ,,$4.89
"4.3"" Double Rocker 8GB Game Console with AV-Out/Camera - Blue GM5-256544",(0),$40.89 ,,$36.80
"Планшет (ALLFINE) Fine11 Wide 11.6"" Android 4.1 4-х ядерный  L-208592",(7),$365.27 ,,$261.61
"(XIAOCAI) X800 4"" MTK6572 Android 4.2.2 Dual Core WiFi 3G Phone P07-X800",(0),$159.99 ,,$99.99
Electric Foot Callous Dry Skin Remover HHI-262108,(0),$11.29 ,,$9.99
"(IPPO) C10 Pro 10.1"" IPS 16GB A31s Quad-core 3G Tablet Phone L-251445",(0),$228.49 ,,$221.79
Women's PU Leather Quartz Bracelet Watch Wristlet w/ Rivet Decor WWM-153114,(212),$5.44 ,,$5.24
"(INEW) I6000 6.5"" FHD IPS Screen MTK6589T Android 4.2.1 Phone P07-I6000",(12),$289.99 ,,$269.99
X3-02 4-Axis 3D 2.4GHz Wireless UFO RC Helicopter Toy for Kids FAP-204294,(14),$54.37 ,,$46.44
"(UMI) X2 5.0"" IPS FHD MTK6589T 1.5GHz 4-Core Android 4.2.1 Phone P07-UMX2T",(0),$299.99 ,,$279.99
(CHUWI) PU Leather Case for CHUWI V88HD LTA-248907,(0),$20.36 ,,$11.83
Bowknot Style Cotton-Padded Warm Pet Clothes Winter Dog Clothes HPA-227652,(1),$16.03 ,,$10.37
"(FEITENG) H9000 4"" Spreadtrum SP6820 Android 2.3.6 WiFi Phone P04-0009H",(0),$109.99 ,,$53.99
Unisex False Sub-dials Design Quartz Watch w/ Canvas Strap WUS-253492,(0),$3.91 ,,$2.93
"4.3"" Double Rocker 8GB Game Console with AV-Out/Camera - Blue GM5-256544",(0),$41.03 ,,$36.93
(SYLLABLE) G05 Folding Stereo Headphones w/Mic Line Controller CHS-246370,(1),$43.34 ,,$38.63
(SYLLABLE) T39 Bluetooth V3.0 Earphones w/ Line Controller CHS-246378,(4),$20.03 ,,$15.04
"(IPPO) F978 9.7"" Android 4.2 MTK8389 3G Tablet Phone w/ GPS TV L-234515",(0),$244.26 ,,$220.77
Headphone Microphone for Sony Play Station 4  EVG-260487,(0),$7.52 ,,$6.39
(IK COLOURING) Mechanical Watch w/ Genuine Leather Strap f Men WMN-238561,(9),$56.11 ,,$54.73
(AINOL) PU Leather Case for Ainol NOVO8 Discovery LTA-248901,(2),$14.04 ,,$8.22
Christmas Tree Style E27 RGB LED Fiber Light Bulb AC 85-260V  HLT-258563,(0),$6.18 ,,$5.40
"(XIAOCAI) X800 4"" MTK6572 Android 4.2.2 Dual Core WiFi 3G Phone P07-X800",(0),$159.99 ,,$99.99
(ALIKE) 50M Waterproof Square Case Digital Watch w/ Alarm f Men WWT-263867,(0),$8.61 ,,$7.54
"(IPPO) K7 Pro 7"" Android 4.1 4GB MTK6577 3G Phablet + Sleeve KB-253213",(0),$113.02 ,,$110.38
Crystal & Rhinestones Decor Rhinestones Finger Ring for Women NAF-255196,(0),$5.82 ,,$4.35
Universal Plastic Stand Holder w/ Brush for iPhone iPad EPAHD-261438,(0),$3.77 ,,$3.39
Casual Cotton Blend Patchwork Jacket for Boy Men DCD-266437,(0),$62.68 ,,$42.61
Magnetic Electric Eyes Massager - 9-Mode HKH-241907,(11),$27.73 ,,$11.06
Wrist Watch Style Automatic Blood Pressure Monitor BKH-257731,(0),$40.13 ,,$20.06
"(SANEI) N79 7"" Android 4.0 Qualcomm Dual-core 3G Tablet Phone L-149044",(18),$137.34 ,,$109.37
Pair of Love Pattern Imitated Crystal Earrings - Rose Golden NAF-255195,(0),$6.14 ,,$4.59
Casual Cotton Modal Vertical Striped Soft Boxers Men's Underwear DUW-258801,(0),$6.98 ,,$3.87
"(IPPO) C10 Pro 10.1"" IPS 16GB A31s Quad-core 3G Tablet Phone L-251445",(0),$229.30 ,,$222.57
(BK) 6ml Heart-Shaped Fluorescent Non-toxic Nail Polish HCI-246259,(0),$3.00 ,,$2.20
Girl Version Imitated Vaginal Masturbators for Male Men HNM-233493,(2),$21.79 ,,$17.05
Gradient Men's Glasses Fashion Sunglasses PC Full Rim Glasses NAG-248002,(0),$6.05 ,,$5.42
2pcs Antiskid TPU Button Caps for PS4 Controller - White EVG-264086,(0),$1.39 ,,$1.18
"(GD IPPO) Q8 7"" A23 Dual-core 4GB Tablet w/ WiFi OTG CPU 1.5GHz ETC-267701",(0),$70.24 ,,$65.62
(OULM) 3136 Male PU Leather Quartz Watch with 3-Movt  WWT-260431,(0),$18.40 ,,$13.89
2 x Rubber Elastomer Feet Thumb Protector HBI-236968,(6),$4.53 ,,$3.61
"(JIAKE) 811 5.3"" Capacitive Touch MTK6572 Android 4.2.2 Phone P02-JK811",(0),$169.99 ,,$89.99
10pcs 0.5mm Durable Celluloid Guitar Plectrum - Color Assorted FTY-255312,(0),$2.31 ,,$1.75
Rechargeable 2-Channel R/C Helicopter with Remote Control FAP-102215,(212),$19.03 ,,$16.70
Retro Female Bracelet Quartz Watch with Flower Decor WWM-226350,(3),$6.20 ,,$5.00
"Смартфон(VOTO) X2 5.0"" IPS FHD MTK6589T Android 4.2 Bluetooth 4. P07-VTX2J",(0),$299.99 ,,$279.99
Wireless Bluetooth V4.0 DualShock3 Controller for PS3 EVG-262425,(0),$17.45 ,,$14.83
"G800B 2.7"" LCD Screen  4 x Digital 1080P FHD Car Rearview Mirror VDV-253876",(7),$80.53 ,,$69.75
RIME Garlic Clamp Ginger Presser Cracker Crusher Mincer HKI-247947,(1),$6.89 ,,$5.66
4-in-1 Stereo Gaming Headset with MIC for PS4/ PS3/ Xbox360/ PC EVG-261407,(0),$45.41 ,,$35.37
Christmas Super Mario Figure Collection Gift Doll FTY-245535,(2),$12.84 ,,$12.39
2 x Cell Phone Anti-Radiation Stickers HKH-212341,(17),$3.02 ,,$1.50
Stylish Titanium Steel Bracelet Bangle for Men Boy NAF-237256,(1),$9.57 ,,$6.94
Wireless QI Charging Receriver Case Sleeve f iPhone 5/ 5s EPATH-266879,(0),$14.78 ,,$13.30
Wireless Bluetooth V4.0 DualShock3 Controller for PS3 EVG-262418,(0),$17.71 ,,$15.06
"(UMI) C1 6.44"" LTPS FHD OGS Screen MTK6589T Android 4.2 Phone P07-UMC1",(0),$399.99 ,,$329.99
Cool Cartoon Sakuragi Hanamichi Figure Doll FTY-250501,(0),$26.08 ,,$24.59
0.8m Micro USB 3.0 Sync Charging Cable for Samsung Galaxy Note 3 EPACB-266143,(0),$3.17 ,,$2.85
"(ZOPO) ZPC3 5.0"" MTK6589T 4-Core Android 4.2.1 3G Smart Phone P07-ZPC3",(6),$279.99 ,,$249.99
"(AINOL) NOVO7 Eos 7"" IPS Screen Android 4.0 Dual-core 3G Phablet L-234737",(17),$182.19 ,,$146.51
2 x Protective TPU Antiskid Button Caps for Xbox One Controller EVG-262103,(0),$1.39 ,,$1.18
Versatile Triple High-decibel Lanyard Outdoor Survival Whistle STH-259496,(0),$4.04 ,,$2.02
"5"" Touch Screen 4GB Game Console + 8GB Kingston TF Card KB-242488",(0),$139.63 ,,$88.30
"(FEITENG) H9000 4"" Spreadtrum SP6820 Android 2.3.6 WiFi Phone P02-0009H",(0),$109.99 ,,$53.99
"Смартфон (TIMMY) E128 4.5"" сенсорный экран MTK6572 Android 4.2.2 P05-E128",(0),$179.99 ,,$99.99
Stylish Bracelet Quartz Watch w/ 3 False Sub-dial f Women WWM-241857,(3),$11.42 ,,$9.59
(ZOPO) HD Screen Guard Protective Film for ZOPO C2 MTH-222586,(1),$3.56 ,,$2.99
3 LED Portable Mini Solar Charging Flashlight-Color Assorted STH-261655,(0),$4.51 ,,$2.69
"Телефон (FEITENG) N9300I 4.7"" MTK6517 2-ядерный Android 4.1.1  P02-I0039N",(1),$199.99 ,,$119.99
Stainless Steel High Strength Ultralight Portable Wire Cutter QCH-249070,(0),$2.62 ,,$2.10
3-in-1 Silver Plating Heart-shaped Style Jewelry Set for Women NAF-238502,(2),$7.34 ,,$5.48
55g Flawless Nude Makeup Cosmetic BB Cream -Pink Beige HCI-132788,(107),$6.81 ,,$3.40
Remote Control Vaginal Muscles Training Bead + Vibrator Egg HNW-222340,(0),$36.25 ,,$33.29
Wrist Watch Style Automatic Blood Pressure Monitor BKH-257731,(1),$40.13 ,,$20.06
Wireless QI Charging Receriver Case Sleeve f iPhone 5/ 5s EPATH-266879,(0),,,
"(TECLAST) P89 Mini 7.9"" IPS Android 4.2.2 Intel Atom Tablet  ETC-258290",(0),$219.76 ,,$197.79
(AINOL) PU Leather Case for Ainol NOVO8 Discovery LTA-248901,(2),$14.04 ,,$8.22
"(DOOGEE) MAX DG650 6.5"" MTK6589T Android 4.2.2 Phone P07-DG650",(5),$399.99 ,,$319.99
100-LED 10M 220-240V 8-Mode Christmas LED String Lights HLD-231919,(1),$11.77 ,,$5.28
"(IPPO) P7 7"" Android 4.2.2 8GB MTK8389 3G фаблет с GPS TV L-244781",(0),$156.62 ,,$136.99
"(XIAOCAI) X800 4"" MTK6572 Android 4.2.2 Dual Core WiFi 3G Phone P02-X800",(0),$159.99 ,,$99.99
"Телефон (CUBOT) T9 5"" IPS FHD MTK6589T Android 4.2.1 4-ядерный 3 P07-CUT9",(0),$259.99 ,,$249.99
3-in-1 Jewelry Set/ Necklace + Earrings + Finger Ring for Women NAF-156006,(32),$5.07 ,,$4.41
DIY Assemble Rubber Powered Glider + Flying Bird Ornithopter KB-267620,(0),$6.37 ,,$5.10
3pcs HD Screen Guard Protective Film for Lenovo A820 MTH-191915,(10),$2.60 ,,$2.29
Stainless Steel Large Size Multi-Function Folding Portable Plier STH-261712,(0),$13.27 ,,$8.00
Waterproof PNP 1.0MP 720P HD 22 IR-LED Wifi Security Camera SCM-266869,(0),$164.67 ,,$147.85
Sonorous Color Electronic Horn with Removable Rotatable Bracket SBK-259874,(0),$4.70 ,,$3.30
(GILLETTE) 4pcs Replacement Blades Razor Heads HLI-156467,(12),$13.75 ,,$13.07
(WEIDE) Analog-Digital LED Watch Wristwatch w/ Steel Band f Men WMN-211243,(4),$23.05 ,,$20.17
Casual Rabbit Fur Striped Patchwork Warm Hat Fashion Hats & Caps NAH-229961,(6),$21.01 ,,$16.84
Bowknot Style Cotton-Padded Warm Pet Clothes Winter Dog Clothes HPA-227652,(2),$16.03 ,,$10.37
Christmas Tree Style E27 RGB LED Fiber Light Bulb AC 85-260V  HLT-258563,(0),$6.18 ,,$5.40
7-in-1 Makeup Brushes Cosmetic Brushes Set HBI-242280,(1),$6.37 ,,$5.41
Electronic Neck-Cooling Massager Health Item - Color Assorted HKH-217863,(9),$17.11 ,,$15.69
Heart Pattern PU Leather Band Quartz Watch w/ Rhinestones f Girl WWM-239022,(9),$4.72 ,,$3.54
Новый большой LCD шагомер  HKEFPM01,(325),$2.75 ,,$2.47
"Планшет (ALLFINE) Fine11 Wide 11.6"" Android 4.1 4-х ядерный  L-208592",(7),$366.56 ,,$262.53
Stylish Titanium Steel Bracelet Bangle for Men Boy NAF-237256,(1),$9.57 ,,$6.94
(TECLAST) Taipower X30SE 4G Button MP3 Player - Black M-238185,(1),$31.34 ,,$26.94
3D Printer Material ABS Filaments 1.75mm 1kg Plastic Cable EPC-266046,(0),$55.19 ,,$50.77
Aurora Z601 3D Printer  3D Flatbed Printer High Precision  RUL-256662,(0),$668.90 ,,$602.90
2 x Rubber Elastomer Feet Thumb Protector HBI-236968,(6),$4.53 ,,$3.61
"7"" Ёмкостный экран Android 4.0 2G фаблет с WiFi и CPU 1.2GHz L-186741",(6),$78.51 ,,$75.25
(CUBOT) 1pcs 3.7V 1300mAh Li-ion Backup Battery for Cubot GT72 MDB-247224,(0),$8.02 ,,$5.99
(CURREN) Genuine Leather Quartz Wrist Watch w/ Date for Men WMN-233363,(11),$11.61 ,,$10.43
FC30 Dual-mode Bluetooth GamePad for PS3/ PC / iPhone/ Android GWI-234878,(4),$43.78 ,,$33.27
One-Size Universal Highly Breathable Sprung Wrist Brace SGD-267741,(0),$8.20 ,,$4.10
FIL Cool Solder Warrior Pattern Car Decal Sticker - Black RST-266923,(0),$3.59 ,,$3.15
"(TIMMY) E6582 5"" IPS FHD MTK6582 1.3GHz Android 4.2.2 3G Phone P01-E6582",(0),$189.99 ,,$169.99
Magnetic Electric Eyes Massager - 9-Mode HKH-241907,(11),$27.73 ,,$10.99
Gold Scales High Simulation Fishing Lure Bait-Color Assorted SFS-267611,(0),$4.74 ,,$3.31
Motorcycle Cotton Cotton-padded Jacket  for Boy Men DCD-268282,(0),$113.10 ,,$56.55
Casual Cotton Blend Long Sleeve Men's Shirts for Boy Men DCD-269999,(0),$19.39 ,,$17.92
Fashion Rubber Ladies' Quartz Wristwatch WWM-192830,(9),$4.04 ,,$3.89
"7"" Android 4.0 2160P 4GB Tablet PC + Free Gift Screen Protector KB-253206",(0),$69.58 ,,$57.39
Multi-Color Nail Polisher Sponge Nail Polishing File BBI-262439,(0),$1.67 ,,$1.46
"(FEITENG) D101 4"" Spreadtrum SP6820 Android 2.3.6 WiFi Phone P03-D101",(0),$59.99 ,,$49.99
Frosted Hard Cover with Clip-stand for iPhone 3G 3GS MHC-9065,(0),$4.81 ,,$3.72
Crystal Hard Case for iPad CIPACOC2,"
                                    (2)
                                 ",$6.20 ,,$5.02
CF Miniature Metal Gun Toy with Keychain - Golden FTY-24012,(0),$5.45 ,,$4.76
"Transformers Style 1.4"" 2 SIM Mobile Cell Phone with Camera P05-F81","
                                    (2)
                                 ",$37.61 ,,$35.01
"3.2"" TOUCH WiFi JAVA TV FM Bar Mobile Cell Phone P01-N08","
                                    (15)
                                 ",$58.08 ,,$42.73
Knit Wool Pouch for iPad 3 the New iPad (Pink) CCA-4670,(0),$3.92 ,,$3.68
Mini Stand for iPad CCA-6831,"
                                    (1)
                                 ",$3.41 ,,$3.00
Blue Protective Soft Back Cover for HTC HD T8288 MHDXSC03,"
                                    (1)
                                 ",$1.54 ,,$1.24
Silver Cell Phones Keypad for Sony Ericsson Z610 Z610i EKB-4730,(0),$4.13 ,,$2.56
3-in-1 Magic Box for Conjuring Game Play Props FTY-4910,(0),$4.89 ,,$3.76
Game Grip +2 Cases for iPhone 4G iPod Touch2nd &3rd Gen MHD-8434,(0),$15.61 ,,$13.50
"2.0"" 4-SIM QUAD SIM TV FM QWERTY Mobile Cell Phone P01-F52","
                                    (2)
                                 ",$44.02 ,,$38.67
"2.4"" QWERTY Keyboard Slide Mobile Phone with TV Java  P01-E89",(0),$72.48 ,,$63.42
"(PLOYER) MOMO8 8"" Multi-touch Android 4.0 8GB Tablet PC L-84199","
                                    (2)
                                 ",$127.87 ,,$120.99
Angel Figure Back Case for iPhone 3G 3GS MSC-8377,(0),$1.73 ,,$1.38
Traditional Chinese Knot Pendant with Mask & Tassel - Green FCE-44348,(0),$1.79 ,,$0.90
"2.2"" 3 SIM 3 Standby TV FM QWERTY Mobile Cell Phone P01-F31",(0),$45.29 ,,$43.25
Skin Case for iPad CIPASC02,"
                                    (4)
                                 ",$5.50 ,,$5.02
Tough Soft Phone Pouch Pocket Bag for Nokia N97 MSB-11804,"
                                    (1)
                                 ",$1.39 ,,$1.04
Grids Patterned Soft Case for BlackBerry 8300 8310 8320 MSC-9645,(0),$1.88 ,,$1.30
Pink Mini Hello Kitty Style USB 1200dpi Optical Mouse CMS-21251,(0),$6.96 ,,$6.02
Knit Wool Pouch for iPad 3 the New iPad (Pink) CCA-4670,(0),$3.92 ,,$3.68
Orange Smiling Angel Style Case for iPod Nano 5th Gen MSC-9408,(0),$1.78 ,,$1.33
2 x Slim Crystal Hard Case for LG GD 510 POP MHC-12011,"
                                    (1)
                                 ",$2.41 ,,$1.90
"(CUBE) U9GT2 9.7"" IPS Screen Android 4.0 8GB Tablet PC L-84005","
                                    (5)
                                 ",$194.88 ,,$191.23
Smiling Angel Style Case for iPod Nano 5th Gen MSC-9412,(0),$1.78 ,,$1.33
3 Band 2 SIM 2 Standby FM Torch Arabic Mobile Cell Phone P05-6233,"
                                    (1)
                                 ",$44.04 ,,$41.97
Crystal Hard Case for iPad CIPACOC2,"
                                    (2)
                                 ",$6.20 ,,$5.02
Hard Case with Evil Skeleton Image for iPhone 4G MHC-7550,(0),$2.61 ,,$2.29
Doggy Butane Lighter w/ LED and Sound Effect FJL-8537,"
                                    (2)
                                 ",$3.53 ,,$3.01
Camera Bluetooth Mobile Cell Phone with FM Radio Flashlight P07-6600,(0),$53.30 ,,$46.32
"2.05"" QWERTY 3 SIM Vodafone FM + TV Cell Phone P01-F70K",(0),$39.88 ,,$37.88
Mini USB HiFi Stereo Speaker for PC CUSBSK02,"
                                    (1)
                                 ",$14.95 ,,$13.10
QQ Duck Shaped Tissue Box with Wet Wipes HHI-15275,(0),$8.18 ,,$7.26
"(AINOL) 7"" Multi-Touch WiFi Tablet (MIPS-r2/4GB HD) LNOV078G05","
                                    (22)
                                 ",$115.71 ,,$96.74
4 x Colorful Cell Phone Trackball for BlackBerry 8330 MTH-10304,(0),$5.27 ,,$3.96
"Сотовый телефон 2,0"" сенсорный экран 4 SIM карты P01-F160",(0),$77.32 ,,$64.90
"2.0"" eBook Alarm Flip Watch Mobile Cell Phone P01-V666",(0),$63.75 ,,$58.45
"(HYUNDAI) A7 7"" Multi-touch Android 4.0 8GB Tablet PC L-78757","
                                    (11)
                                 ",$118.65 ,,$98.79
"1.2"" Footstep Shaped Mini Mobile Cell Phone with Camera P081-123","
                                    (1)
                                 ",$48.93 ,,$42.28
Hard Case for iPad CIPACOC5,(0),$8.69 ,,$6.56
Micro Diamond Pattern TPU Soft Case for iPhone 4G MSC-6644,(0),$1.77 ,,$1.32
"3.6 "" GPS WiFi JAVA TV FM-передатчик мобильный сотовый телефон PB1-MX10",(0),$99.37 ,,$92.43
Men's Watch with Black PU Leather Band W4-LD128,"
                                    (1)
                                 ",$14.05 ,,$12.29
Green Smiling Angel Style Case for iPod Nano 5th Gen MSC-9411,"
                                    (1)
                                 ",$1.78 ,,$1.33
"3.5"" Dual SIM 2-Band Cellphone+ Java - Black P05-N911","
                                    (12)
                                 ",$42.28 ,,$39.26
"2"" Triple Sim Quad Band Unlocked Mobile Cell Phone P081-Q5I",(0),$38.25 ,,$38.15
