image_url,store,product,price,likes,comments
https://static.slickdealscdn.com/attachment/2/5/0/5/1/4/200x200/9885460.thumb,Best Buy,8TB WD Easystore External USB 3.0 Hard Drive @BestBuy $130,$130,7,26
https://static.slickdealscdn.com/attachment/2/0/8/8/1/1/4/200x200/9884677.thumb,,EVGA 360mm & 240mm AIO CPU Coolers $108/$63 AC FS & Power Supply Sale,,32,24
https://static.slickdealscdn.com/attachment/3/1/2/7/3/0/2/200x200/9886057.thumb,Best Buy,Best Buy - Microsoft Ergonomic Keyboard (LXM-00001) + free shipping $39.99,$39.99,5,3
https://static.slickdealscdn.com/attachment/2/3/9/2/1/4/9/5/200x200/9884719.thumb,Newegg,"Newegg: MSI Laptop Modern 14 A10RAS-1031 Intel Core i5 10th Gen 10210U (1.60 GHz) 8 GB Memory 512 GB NVMe SSD NVIDIA GeForce MX330 14.0"" Windows 10 Pro 64-bit & MORE $649.99",$649.99,3,0
https://static.slickdealscdn.com/attachment/2/5/0/5/1/4/200x200/9885721.thumb,Newegg,Samsung T7 2TB External USB 3.2 Gen 2 Portable Solid State Drive $255AC @Newegg; 1TB Crucial X8 / $106,$254.99,2,0
https://static.slickdealscdn.com/attachment/7/4/9/4/4/9/1/200x200/9884728.thumb,Amazon,"Gigabyte G27Q 27"" 144Hz 1440P Gaming Monitor, 2560 x 1440 IPS Display, 1ms Response Time, 92% DCI-P3, VESA Display HDR400, FreeSync Premium, 1x Display Port, BLACK (G27Q-SA) $280",$280,14,4
https://static.slickdealscdn.com/attachment/2/5/0/5/1/4/200x200/9885631.thumb,Newegg,"4TB WD Purple 3.5"" Surveillance Hard Drive @Newegg $87.49",$87.49,2,1
https://static.slickdealscdn.com/attachment/8/6/6/3/0/200x200/9886222.thumb,Newegg,15-Month Microsoft 365 Family (6-Users) + Norton 360 Antivirus (1-Device),$75,22,35
https://static.slickdealscdn.com/attachment/2/5/4/6/0/1/2/200x200/9884536.thumb,Dell Home & Office,"Alienware AW2721D 27"" Gaming Monitor 2560 x 1440 at 240Hz $770 on Dell and Amazon",$769.99,18,47
https://static.slickdealscdn.com/attachment/2/5/0/5/1/4/200x200/9885784.thumb,Newegg,8TB Seagate IronWolf 7200RPM NAS Hard Drive @Newegg $180,$179.99,1,0
https://static.slickdealscdn.com/attachment/9/0/2/0/2/3/1/200x200/9884794.thumb,Amazon,"MSI Creator 15 Laptop: 15.6"" 4K, i7-10875H, RTX 2070, 32GB DDR4, 1TB SSD $1827.54","$1,827.54",7,15
https://static.slickdealscdn.com/attachment/2/6/6/9/2/3/8/200x200/9884089.thumb,,,$299.99,17,29
https://static.slickdealscdn.com/attachment/2/7/2/8/0/4/8/1/200x200/9885142.thumb,Amazon,Aukey Outemu Blue Switch Keyboard. TKL. No Rgb. $21,$21,3,3
https://static.slickdealscdn.com/attachment/2/7/3/3/2/2/2/8/200x200/9885604.thumb,Amazon,"PICTEK Gaming Mouse Wired, RGB Chroma Backlit Gaming Mouse  $11.89",$11.89,1,0
https://static.slickdealscdn.com/attachment/2/2/8/1/0/6/5/7/200x200/9884200.thumb,Amazon,PICTEK PS4 Wireless Controller with Dual Vibration - $25.89 + Free Shipping,$25.89,6,8
https://static.slickdealscdn.com/attachment/4/4/8/1/4/9/8/200x200/9884194.thumb,,,$449,6,1
https://static.slickdealscdn.com/attachment/2/0/5/4/9/1/6/200x200/9886126.thumb,Walmart,TRONXY X5sa-400 large size 3D printer - $289.99 + free shipping,$289.99,0,2
https://static.slickdealscdn.com/attachment/8/6/6/3/0/200x200/9883057.thumb,,100-Pack Monoprice 8P8C RJ45 Plug w/ Inserts for Solid Cat6 Ethernet Cable,$6,37,81
https://static.slickdealscdn.com/attachment/5/4/8/0/7/1/200x200/9885154.thumb,Newegg,Beyerdynamic DT 770 Pro 80 Ohm Closed Headphones + FOX USB Studio Mic $259 Shipped,,0,0
https://static.slickdealscdn.com/attachment/5/4/8/0/7/1/200x200/9885148.thumb,Newegg,Lexmark CS421dn Laser Color Printer $199 + Fee Shipping,$199,1,2
https://static.slickdealscdn.com/attachment/9/5/3/9/1/0/200x200/9885034.thumb,Newegg,Rosewill Micro ATX Mini Tower Computer Case with Dual Fans - FBM-01 - $18.99 FS,$18.99,1,0
https://static.slickdealscdn.com/attachment/5/5/8/2/7/0/5/200x200/9882925.thumb,Newegg,"ASUS VivoBook 15 F513: 15.6'' FHD IPS, Ryzen 7 4700U, 16GB DDR4, 512GB PCIe SSD, Win10H @ $629 + F/S",$629,19,15
https://static.slickdealscdn.com/attachment/8/9/6/3/9/8/200x200/9882727.thumb,Best Buy,Canon - imageCLASS MF642Cdw Wireless Color All-In-One Laser Printer - White $269.99,$269.99,28,40
https://static.slickdealscdn.com/attachment/7/3/7/4/2/7/1/200x200/9883984.thumb,Amazon,Lian Li 205M microATX Mid-Tower PC Gaming Case w/Tempered Glass Side Panel $64.99,$64.99,2,4
https://static.slickdealscdn.com/attachment/5/5/8/2/7/0/5/200x200/9883612.thumb,B&H Photo Video,LG 22MN430M-B 21.5'' 1080P FreeSync IPS 75 Hz Monitor @ $84.95 + F/S,$84.95,3,2
https://static.slickdealscdn.com/attachment/2/6/9/6/1/0/4/200x200/9883750.thumb,Amazon,"LEXIVON 9-Piece Impact Grade Socket Adapter Set - 3"", 6"", and 12"" Extension Bit With Holder | 1/4"", 3/8"", and 1/2"" Drive, Adapt Your Power Drill To High Torque Impact Wre - $22.97",$22.97,2,0
https://static.slickdealscdn.com/attachment/4/3/5/0/3/200x200/9882262.thumb,,Samsung Chromebook Plus V2 64GB $239.99 with Education Discount,$239.99,26,64
https://static.slickdealscdn.com/attachment/1/3/4/6/1/3/0/3/200x200/9882817.thumb,Amazon,"Acer Predator XB273K 27"" 4K 144hz IPS NVIDIA G-SYNC Compatible Monitor $629.99",$629.99,7,5
https://static.slickdealscdn.com/attachment/2/7/1/5/6/3/0/1/200x200/9883852.thumb,Best Buy,"Dell G7 17.3"" 300Hz Gaming Laptop Intel Core i7 16GB Memory NVIDIA GEFORCE RTX 2070 (Max-P) 512GB SSD RGB Keyboard Black G7700-7231BLK-PUS - $1449.99","$1,449.99",1,10
https://static.slickdealscdn.com/attachment/2/5/0/5/1/4/200x200/9883234.thumb,Newegg,Bitdefender Total Security 2021 5-PC/ 1Yr @Newegg $18,$18,0,0
https://static.slickdealscdn.com/attachment/2/2/2/9/4/2/200x200/9882400.thumb,Amazon,Amazon.com: Micro Center Intel Core i7-10700K Desktop Processor 8 Cores up to 5.1 GHz Unlocked LGA1200 (Intel 400 Series chipset) $528.99 + free shipping $528.99,$528.99,5,6
https://static.slickdealscdn.com/attachment/2/7/9/0/0/5/8/6/200x200/9883111.thumb,Amazon,HP Sprocket Studio 4x6” Instant Photo Printer - $109.99 w/ FS,$109.99,1,1
https://static.slickdealscdn.com/attachment/1/5/2/8/3/9/6/200x200/9882544.thumb,Amazon,"VicTsing 2.4G Wireless Keyboard Mouse Combo, $14.39",$14.39,2,0
https://static.slickdealscdn.com/attachment/3/5/8/4/3/2/4/200x200/9882808.thumb,Amazon,"SanDisk 200GB Ultra microSDXC UHS-I Memory Card with Adapter - 100MB/s, C10, U1, Full HD, A1, Micro SD Card - SDSQUAR-200G-GN6MA - Amazon - $22.49",$22.49,2,2
https://static.slickdealscdn.com/attachment/3/5/8/4/3/2/4/200x200/9882769.thumb,Amazon,Samsung SSD 860 EVO 2TB 2.5 Inch SATA III Internal SSD (MZ-76E2T0B/AM) $209.99,$209.99,0,5
https://static.slickdealscdn.com/attachment/5/4/8/0/7/1/200x200/9881101.thumb,Newegg,Rosewill NEON K91 RGB Mechanical Gaming Keyboard with Kaihl Brown Switches + Free Rosewill Mouse for $54.99 + Free Shipping,$54.99,16,8
https://static.slickdealscdn.com/attachment/2/6/7/9/6/8/3/3/200x200/9881449.thumb,Amazon,"Apple 13"" M1 MacBook Pro (Space Gray, 8GB RAM, 256GB SSD) $1199 + Free ship","$1,199",7,22
https://static.slickdealscdn.com/attachment/2/7/8/5/7/2/0/3/200x200/9882604.thumb,Walmart,"Gateway 15.6"" FHD Ultra Slim Notebook, Intel Core i5-1035G1, 16GB RAM, 256GB SSD $409.00",$409,1,4
https://static.slickdealscdn.com/images/avatar-17.png,,,$99,7,2
https://static.slickdealscdn.com/attachment/4/8/2/3/7/7/200x200/9886645.thumb,Newegg,CORSAIR Crystal 570X RGB Tempered Glass ATX Mid Tower Case (White),$140,24,24
https://static.slickdealscdn.com/images/avatar/sd/08_200x200.png,,"HP Probook 445 G7 - Ryzen 5 4500U - 14"" 250nit 8G/256G Windows 10 Pro $699.99",$699.99,0,0
https://static.slickdealscdn.com/images/avatar-17.png,,Lenovo Gaming Tower 7i $700 off - Final price $1899+tax,"$1,899",0,2
https://static.slickdealscdn.com/attachment/1/0/1/9/6/1/8/200x200/9881008.thumb,Dell Home & Office,"Alienware Aurora R10 Desktop: Ryzen 5 5600X, 8GB DDR4, 1TB SATA HDD, RX 6800 XT, 1000W PSU, $1676 (or $1552) @ dell","$1,676",9,50
https://static.slickdealscdn.com/images/avatar-17.png,Amazon,Amazon XPG SX8200 Pro 2TB 3D NAND NVMe Gen3x4 PCIe M.2 2280 for $200 After Coupon Free Shipping,$200,0,6
https://static.slickdealscdn.com/images/avatar-17.png,Amazon,ASUS ROG Strix B550-F Gaming (WiFi 6 Version) Motherboard $182.99,$182.99,0,0
https://static.slickdealscdn.com/attachment/3/6/3/7/4/0/4/200x200/9880474.thumb,Best Buy,1000W Seasonic Gold+ PSU for $179.99,$179.99,14,30
https://static.slickdealscdn.com/attachment/avatar/7/4/6/1/8/0/17x17/avatar.static?dateline=1408593445,Best Buy,Best Buy - CORSAIR - Lighting Node PRO - Black - $50 - In store PU or FS,,1,0
https://static.slickdealscdn.com/attachment/5/4/8/0/7/1/200x200/9880777.thumb,Newegg,Corsair iCUE SP120 RGB Pro Performance 120mm Triple Fan Kit with Lighting Node Core | $69.99 AC + Free Shipping,,6,1
https://static.slickdealscdn.com/attachment/2/0/6/2/7/2/6/200x200/9881770.thumb,,"DOOM Eternal PC, $29.99 standard, $44.99 deluxe  - $29.99",$29.99,0,0
https://static.slickdealscdn.com/attachment/5/6/7/1/7/9/200x200/9879820.thumb,Office Depot and OfficeMax,"31.5"" Lenovo C32Q-20 2560x1440 75Hz IPS FreeSync LED Monitor",$180,38,69
https://static.slickdealscdn.com/attachment/5/4/8/0/7/1/200x200/9881005.thumb,Newegg,"Corsair Scimitar RGB Elite, MOBA/MMO Gaming Optical Mouse $59.99 + Free Shipping",$60,3,4
https://static.slickdealscdn.com/attachment/2/4/9/9/1/7/4/2/200x200/9881557.thumb,Newegg,Crucial P5 1TB 3D NAND NVMe Internal SSD - Newegg.com $120,$120,0,2
https://static.slickdealscdn.com/attachment/5/4/8/0/7/1/200x200/9880744.thumb,Newegg,"XPG SX8100 Series 4TB PCIe Gen3x4 M.2 2280, 3D TLC Internal Solid State Drive| $399.99 + Free Shipping",$399.99,4,4
https://static.slickdealscdn.com/attachment/3/3/8/2/5/3/0/200x200/9880129.thumb,,Dell Outlet XPS 13 9310 2 in 1 15% coupon,,23,19
https://static.slickdealscdn.com/attachment/1/0/2/3/4/9/6/200x200/9879715.thumb,Amazon,"AMD Ryzen 7 5800X 8-core, 16-Thread Unlocked Desktop Processor $449.99",$449.99,42,81
https://static.slickdealscdn.com/attachment/5/5/8/2/7/0/5/200x200/9880459.thumb,Dell Home & Office,"Dell Alienware M15 R4: FHD 300 Hz IPS, i7-10870H, 32GB DDR4, 512GB PCIe SSD, RTX 3080, TB3, Win10H @ $2116.80 /w Unique Signup Coupon","$2,116.80",6,20
https://static.slickdealscdn.com/attachment/3/5/6/6/4/4/200x200/9880231.thumb,Amazon,Aukey 104 Key LED Backlit Mechanical Keyboard with Red or Blue switches $29.99,$29.99,11,7
https://static.slickdealscdn.com/attachment/1/2/0/8/2/2/1/200x200/9879880.thumb,Amazon,"Mafiti Gaming Keyboard and Mouse Combo, Wired RGB Backlit Computer Keyboard with USB RGB Gaming Mouse Design for Windows PC Laptop Desktop Notebook - $16.49",$16.49,13,13
https://static.slickdealscdn.com/attachment/2/2/8/1/0/6/5/7/200x200/9879859.thumb,eBay,"Mophie Juice Pack Access 2,000mAh Battery Case Wireless for iPhone 11 Pro - Red $14.95 + Free Shipping",$14.95,11,4
https://static.slickdealscdn.com/attachment/2/7/3/5/3/5/1/3/200x200/9881050.thumb,Newegg,ASUS ROG (GT-AC2900) Dual-Band Wireless Gigabit Wi-Fi Gaming Router for $169.99+FS,$169.99,1,1
https://static.slickdealscdn.com/attachment/5/4/8/0/7/1/200x200/9880672.thumb,Newegg,XPG SPECTRIX D50 RGB Desktop Memory 16GB (2x8GB) DDR4 3600MHz CL18| $94.99 + Free Shipping,,0,0
https://static.slickdealscdn.com/attachment/2/5/0/5/1/4/200x200/9878440.thumb,Newegg,H&R Block Tax Software (Key Card or Digital Download): Deluxe + State 2020,$17,64,70
https://static.slickdealscdn.com/attachment/5/6/4/7/4/1/200x200/9880711.thumb,Amazon,512GB XPG SX8200 Pro M.2 2280 PCIe NVMe SSD Solid State Drive $55 + FS $54.99,$54.99,13,31
https://static.slickdealscdn.com/attachment/2/4/7/3/8/4/9/1/200x200/9879724.thumb,,"Thinkpad X12 Detachable (12"", Intel) Tablet $1097.4","$1,097.40",6,15
https://static.slickdealscdn.com/attachment/2/2/8/8/7/6/7/9/200x200/9880291.thumb,Best Buy,Bitdefender Total Security 2021 - 5 Devices 1 Year $24.99,$24.99,1,0
https://static.slickdealscdn.com/attachment/2/5/1/5/4/6/8/200x200/9878473.thumb,,NETGEAR Nighthawk CM1100 DOCSIS 3.1 Cable Modem $119.99,$119.99,19,12
https://static.slickdealscdn.com/attachment/9/1/5/3/6/1/5/200x200/9880213.thumb,,Dell S2721DS 27 QHD Monitor FreeSync - $249.99,$249.99,0,7
https://static.slickdealscdn.com/attachment/3/1/9/3/8/4/200x200/9878848.thumb,Best Buy,"Lenovo - Yoga 7i 2-in-1 14"" Touch Screen Laptop - Intel Evo Platform Core i7 - 12GB Memory - 512GB Solid State Drive - Slate Grey $779.99",$779.99,25,38
https://static.slickdealscdn.com/attachment/5/4/8/0/7/1/200x200/9878614.thumb,Newegg,Intel Core i5-10400F Comet Lake 6-Core 2.9 GHz LGA 1200 Desktop Processor | $140.99 AC & More + Free Shipping,$140.99,7,11
https://static.slickdealscdn.com/attachment/3/9/3/6/7/2/200x200/9879343.thumb,Office Depot and OfficeMax,WD My Book 4TB External Hard Drive $79.99,$79.99,4,9
https://static.slickdealscdn.com/attachment/8/9/7/7/9/200x200/9876814.thumb,Costco Wholesale,Costco Members: In-Warehouse Hot Buys 2/27/21-3/7/21 while supplies last,,257,95
https://static.slickdealscdn.com/attachment/6/9/0/7/3/8/1/200x200/9878605.thumb,Amazon,2.2lbs 1.75mm Geeetech PETG Filament (various colors) from $16.78 + FSSS,$16.78,6,1
https://static.slickdealscdn.com/attachment/5/4/8/0/7/1/200x200/9878410.thumb,Newegg,NETGEAR 16-Port Gigabit Ethernet Unmanaged PoE Switch | $109.99 AC & More + Free Shipping,,5,4
https://static.slickdealscdn.com/attachment/5/4/8/0/7/1/200x200/9877792.thumb,Newegg,Sabrent 2TB Rocket Nvme PCIe 4.0 M.2 2280 Internal SSD Maximum Performance Solid State Drive (SB-ROCKET-NVMe4-2TB) - $297.49 & More,$297.49,14,13
https://static.slickdealscdn.com/attachment/3/4/2/9/3/0/8/200x200/9878140.thumb,Amazon,PICTEK RGB Gaming Keyboard with Multimedia Keys - $13.5 + FSSS,$13.50,8,1
https://static.slickdealscdn.com/attachment/1/5/6/3/1/3/2/7/200x200/9879064.thumb,,Intel 1TB SSD 3D3 QLC NAND M.2 2280 PCIe NVMe 3.0 x4 Internal Solid State Drive $94.99,$94.99,0,4
https://static.slickdealscdn.com/attachment/2/5/0/5/1/4/200x200/9878455.thumb,Newegg,Super Flower Leadex III 750W 80+ Gold Full Modular Power Supply + $5GC @Newegg $110,$110,4,4
https://static.slickdealscdn.com/attachment/2/5/0/5/1/4/200x200/9877993.thumb,Best Buy,1TB Crucial P5 NVMe SSD@BestBuy $110,$110,5,19
https://static.slickdealscdn.com/attachment/9/5/3/2/3/200x200/9876331.thumb,Amazon,"Sabrent USB TypeC Hubs: 5-Port $16, 6-Port w/ SD Reader",$17,32,42
https://static.slickdealscdn.com/images/avatar-17.png,Amazon,Jelly Comb MS038 Multiple Modes(BT 4.0+ BT 4.0+ USB+ Type-C) Bluetooth Mouse - $5.99 AC,$5.99,6,3
https://static.slickdealscdn.com/attachment/2/0/6/3/7/6/2/8/200x200/9877618.thumb,Best Buy,"Dell S2721DGF - 1440P - 165HZ - 27"" Monitor $430",$429.99,47,76
https://static.slickdealscdn.com/attachment/1/1/1/9/0/4/0/200x200/9876454.thumb,Best Buy,"Dell - S3220DGF 32"" LED Curved QHD FreeSync Monitor with HDR $379.99",$379.99,19,41
https://static.slickdealscdn.com/attachment/1/8/1/5/3/0/8/200x200/9875416.thumb,eBay,5TB WD Easystore External USB 3.0 Portable Hard Drive,$100,60,110
https://static.slickdealscdn.com/attachment/2/9/1/1/6/4/8/200x200/9878764.thumb,Amazon,Razer BlackWidow Elite Mechanical Gaming Keyboard: Green Mechanical Switches @ Amazon $99.99,$99.99,1,7
https://static.slickdealscdn.com/attachment/7/4/9/4/4/9/1/200x200/9875617.thumb,eBay,"27"" Gigabyte M27Q 2560x1440 170Hz 0.5ms IPS FreeSync Monitor",$310,35,53
https://static.slickdealscdn.com/attachment/6/2/5/5/0/6/9/200x200/9880351.thumb,Dell Home & Office,Dell XPS 13 7390 Laptop 10th gen i7 16GB 512GB $882,$882,10,22
https://static.slickdealscdn.com/attachment/1/4/6/4/7/8/200x200/9876121.thumb,Best Buy,Best Buy - Samsung 980 PRO 1TB Internal NVMe SSD $199.99 ($30 off),$199.99,22,48
https://static.slickdealscdn.com/attachment/avatar/8/6/3/5/4/17x17/avatar.static?dateline=1408499536,Amazon,ARESGAME 750W Power Supply Semi Modular 80+ Bronze PSU $59 Amazon $59.39,$59.39,0,3
https://static.slickdealscdn.com/attachment/2/7/8/5/7/2/0/3/200x200/9874993.thumb,Best Buy,"ASUS - ROG Zephyrus G14 14"" Laptop - AMD Ryzen 7 - 8GB Memory - NVIDIA GeForce GTX 1650 - 512GB SSD $849.99",$849.99,24,51
https://static.slickdealscdn.com/attachment/2/6/7/7/1/6/6/6/200x200/9877159.thumb,Amazon,StyleFolio Pencil Case and Stand for 9.7-inch iPad Pro $9.73,$9.73,1,0
https://static.slickdealscdn.com/attachment/5/4/8/0/7/1/200x200/9875524.thumb,Newegg,"Microsoft Surface Laptop 3 [15"" Touchscreen 2496 x 1664  Intel Core i5 (10th Gen) i5-1035G7 Quad-core (4 Core) 1.20 GHz 8GB RAM 128GB SSD] | $899.99 + FS",,5,10
https://static.slickdealscdn.com/attachment/2/1/5/9/2/1/2/0/200x200/9874678.thumb,Amazon,"1Mii aptX Low Latency & HD Dual Link Bluetooth 5.0 Audio Transmitter Adapter w/ Coax, Optical, RCA, AUX, USB $18.92 + FS",$18.92,44,60
https://static.slickdealscdn.com/attachment/2/2/0/5/3/200x200/9877315.thumb,Amazon,Samsung Galaxy Tab Book Cover Keyboard: S7+ $115 or S7,$100,36,37
https://static.slickdealscdn.com/attachment/2/5/0/5/1/4/200x200/9875086.thumb,Newegg,1TB Sabrent Rocket NVMe gen4 SSD @Newegg $144.49,$144.49,5,1
https://static.slickdealscdn.com/attachment/2/5/0/5/1/4/200x200/9875194.thumb,Newegg,"Asus Vivobook 15 S513 AMD Ryzen 4700U 8GB DDR4 1TB SSD Win10H, Indie Blk @Newegg $700",$700,1,5
https://static.slickdealscdn.com/attachment/2/0/6/6/6/3/6/200x200/9874951.thumb,Amazon,NETGEAR 8-Port Gigabit Ethernet Metal Unmanaged Switch GS308 @Amazon $17.99,$17.99,2,3
https://static.slickdealscdn.com/attachment/2/5/0/5/1/4/200x200/9875095.thumb,Newegg,CORSAIR iCUE H150i RGB PRO XT 360mm Liquid CPU Cooler $140,$140,1,0
https://static.slickdealscdn.com/attachment/1/4/6/8/5/8/8/200x200/9874141.thumb,,"HP Envy x360 15.6"" Touchscreen 2-in-1 Laptop - AMD Ryzen 7 4700U - 1080p - HP Digital Pen - $749.99",$749.99,12,25
https://static.slickdealscdn.com/attachment/4/2/5/1/3/3/8/200x200/9874927.thumb,,March Madness sale - - 50% Off Stream For Life Code Stream50%off,$4.99,0,4
https://static.slickdealscdn.com/attachment/2/1/4/3/3/4/8/9/200x200/9874729.thumb,,Check your email with the subject- “Don't miss your $10 reward at CVS® “ . YMMV!,,0,2
https://static.slickdealscdn.com/attachment/5/5/8/2/7/0/5/200x200/9873985.thumb,Walmart,"TP-Link Archer AX1800 4 Stream Dual-Band Wi-Fi 6 Router, 1.8 Gbps Speeds, 1.5 GHz Quad Core CPU @ $89.00 + F/S",$89,5,6
https://static.slickdealscdn.com/attachment/2/0/8/6/3/5/1/0/200x200/9873565.thumb,Costco Wholesale,Seagate 2.5” portable 5TB harddrive $90 @ Costco starting 3/10 $89.99,$89.99,50,40
https://static.slickdealscdn.com/attachment/9/2/1/2/0/200x200/9873595.thumb,Costco Wholesale,Costco Members: 3-Pack TP-Link Deco X60 WiFi 6 AX3000 Whole Home Mesh System,$230,44,118
https://static.slickdealscdn.com/attachment/2/3/7/1/0/5/0/200x200/9873730.thumb,Walmart,Razer DeathAdder V2 MINI Wired Gaming Mouse (YMMV) - $24.98,$24.98,20,21
https://static.slickdealscdn.com/attachment/3/2/5/3/5/5/200x200/9874708.thumb,,"Samsung Discount Programs: 128GB Galaxy Tab S7 11"" Tablet + Galaxy Buds+",from $420,75,253
https://static.slickdealscdn.com/attachment/1/7/0/7/9/6/200x200/9873868.thumb,Newegg,RFB- BUFFALO LS220DE Diskless System LinkStation 220 RAID NAS Personal Cloud Storage and Media Server FOR $79.99+FS,$79.99,4,15
https://static.slickdealscdn.com/attachment/2/5/0/5/1/4/200x200/9873934.thumb,Newegg,CORSAIR Carbide Series SPEC-OMEGA RGB Tempered Glass Mid-Tower Case (+450W PSU) @Newegg $130,$130,0,0
https://static.slickdealscdn.com/attachment/2/5/0/5/1/4/200x200/9873322.thumb,Amazon,CPU Cooling Fans: be quiet! PURE ROCK SLIM 92mm,$24.90,38,37
https://static.slickdealscdn.com/attachment/2/3/0/8/1/8/3/6/200x200/9873529.thumb,B&H Photo Video,"31.5"" Acer ET2 Series ET322QK 4K UHD VA VESA 3840 x 2160 60Hz (HDMI, DisplayPort) AMD FreeSync Gaming Monitor $294.95 With Free Shipping @ BHPhotoVideo.com",$294.95,3,4
https://static.slickdealscdn.com/images/avatar-17.png,Sam's Club,"HP 17.3"" 1080p Laptop - 11th Gen i5-1135G7 - 8GB RAM - 1TB HDD + 256GB SSD $649",$649,1,2
https://static.slickdealscdn.com/attachment/1/5/3/6/9/8/4/200x200/9871411.thumb,Walmart,Select Walmart Stores: Klipsch ProMedia 2.1 THX Computer Speakers,$69,280,373
https://static.slickdealscdn.com/images/avatar-17.png,Staples,"Intel Core i5-10600KF 4.8GHz Processor, 12MB $197.99",$197.99,2,4
https://static.slickdealscdn.com/images/avatar/sd/redesign/Deal-Tag.png,,Lenovo Chromebook Duet $230,$230,0,3
https://static.slickdealscdn.com/attachment/2/3/9/1/6/7/6/200x200/9872569.thumb,Amazon,Amazon.com: 3D Solutech - Red PLA 1 kg $14.99,$14.99,0,7
https://static.slickdealscdn.com/attachment/1/2/9/7/7/7/5/200x200/9871786.thumb,,"Samsung 12.2"" Touchscreen 2-in-1 Chromebook - Intel Celeron - 1920 x 1200p - Digital Pen & Bonus Pouch $369.99",$369.99,2,7
https://static.slickdealscdn.com/attachment/2/7/3/5/3/5/1/3/200x200/9871183.thumb,Newegg,Seagate Exos 16TB Enterprise HDD for $325+F/S,$325,4,3
https://static.slickdealscdn.com/attachment/3/5/9/4/0/2/8/200x200/9869956.thumb,Amazon,Vetroo V5 CPU Air Cooler w/ RGB Fan,$24.20,54,79
https://static.slickdealscdn.com/attachment/5/4/8/0/7/1/200x200/9871063.thumb,Newegg,TP-Link 5 Port Gigabit PoE Switch | 4 Port PoE 56W | 802.3af Compliant | Shielded Ports | Traffic Optimization | Plug and Play | (TL-SG1005P) $48 + FS,$48,0,0
https://static.slickdealscdn.com/attachment/2/5/0/5/1/4/200x200/9870841.thumb,Newegg,Nixeus REVEL FIT Gaming Mouse w/PMW3360 Sensor (Rubberized Black) $10,$10,0,0
https://static.slickdealscdn.com/attachment/2/5/0/5/1/4/200x200/9870808.thumb,Newegg,550W Antec NeoECO Classic NE550C V2 80 PLUS Bronze Certified Power Supply $25AR @Newegg,$25,0,1
https://static.slickdealscdn.com/attachment/2/1/8/7/2/4/0/200x200/9868768.thumb,Amazon,Logitech MX Master 2S Wireless Mouse $58.99,$58.99,39,35
https://static.slickdealscdn.com/attachment/2/7/1/5/6/3/0/1/200x200/9868891.thumb,Newegg,"ASUS TUF Gaming A15 - 15.6"" Ryzen 5 4600H Gaming Laptop - Newegg.com - $819.00",$819,17,25
https://static.slickdealscdn.com/attachment/3/8/8/7/1/200x200/9868150.thumb,Amazon,2x Microsoft Surface Mobile Mouse - Ice Blue - $30 & More Select Surface Accessories  $40 off two (2),,37,27
https://static.slickdealscdn.com/attachment/1/7/9/7/4/7/5/200x200/9870151.thumb,Amazon,Mackie CR-X 8-Inch Subwoofer with Bluetooth and Desktop Control (CR8S-XBT) $170 $169.99,$169.99,1,2
https://static.slickdealscdn.com/attachment/5/4/8/0/7/1/200x200/9868153.thumb,Amazon,Neewer 2-Pack 5600K USB Video Lights - $25.50 + FSSS,$25.49,29,28
https://static.slickdealscdn.com/attachment/2/7/1/5/6/3/0/1/200x200/9868894.thumb,Newegg,Intel Whitebook Gaming Notebook - $1199.99,"$1,199.99",7,12
https://static.slickdealscdn.com/attachment/2/0/6/3/2/9/8/200x200/9869260.thumb,,"Lenovo IdeaPad 5i 14"" Laptop Computer - Grey Intel Core i7-1165G7 Processor 2.8GHz; 16GB DDR4-3200 Onboard RAM; 512GB Solid State Drive; Intel Iris Xe Graphics $799",$799.99,4,1
https://static.slickdealscdn.com/attachment/5/5/8/2/7/0/5/200x200/9868207.thumb,,,"$1,551",16,29
https://static.slickdealscdn.com/attachment/1/6/0/6/4/1/4/200x200/9869011.thumb,,"Lenovo ThinkVision S28u-10 4k LED Monitor - 28"" 3840x2160 4K, IPS, 300 cd/m², 1000:1, 4 ms - $264.99 + $9.99 shipping $268.98",$264.99,5,5
https://static.slickdealscdn.com/attachment/2/1/3/9/5/8/8/7/200x200/9868165.thumb,Amazon,Pictek Gaming Keyboard and Mouse Combo - ＄21.59,$21.59,13,3
https://static.slickdealscdn.com/attachment/5/4/8/0/7/1/200x200/9868615.thumb,Newegg,CORSAIR Vengeance RGB Pro SL 16GB (2 x 8GB) 288-Pin DDR4 SDRAM DDR4 3200 (PC4 25600) Optimized for AMD Ryzen Desktop Memory $97.99 + FS,$97.99,5,2
https://static.slickdealscdn.com/attachment/1/8/6/5/3/7/9/7/200x200/9868903.thumb,B&H Photo Video,SanDisk 512GB Ultra UHS-I microSDXC Memory Card with SD Adapter $67.99 + Free Shipping,$67.99,3,1
https://static.slickdealscdn.com/attachment/5/4/8/0/7/1/200x200/9868162.thumb,Newegg,"MSI GF65 Thin 10UE-092 [15.6"" 144Hz IPS i7-10750H NVIDIA GeForce RTX 3060 6GB 8GB Memory 512GB NVMe SSD] Laptop| $1199 + Free 6-month GeForce NOW Founders Membership","$1,249",8,15
https://static.slickdealscdn.com/attachment/9/2/1/1/9/3/1/200x200/9867871.thumb,Micro Center,I Pad Air 4 2020 for 529.99 64 all colors $529.99,$529.99,16,9
https://static.slickdealscdn.com/attachment/2/8/2/1/6/2/4/200x200/9867967.thumb,,Samsung Galaxy S21 Ultra 128 GB Unlocked Phone (No Trade In)  + S7 Plus 256 GB Tab + MOGA XP5 Controller + Smart Tag for $1250 with EPP EDU account,"$1,250",10,114
https://static.slickdealscdn.com/attachment/2/5/0/5/1/4/200x200/9868717.thumb,Newegg,2TB Crucial X6 USB 3.2 Portable SSD @Newegg $180,$179.95,2,2
https://static.slickdealscdn.com/attachment/2/5/0/5/1/4/200x200/9868711.thumb,Newegg,1TB Mushkin Enhanced Pilot-E m.2 NVMe SSD @Newegg $108,$108,2,0
https://static.slickdealscdn.com/attachment/2/1/5/9/2/1/2/0/200x200/9867643.thumb,Amazon,PICTEK Gaming Mouse Wired - $8.89 + FS,$8.89,5,7
https://static.slickdealscdn.com/attachment/5/4/8/0/7/1/200x200/9868582.thumb,Newegg,XPG Z1 Desktop Memory 32GB (2x16GB) DDR4 3200MHz CL16 + $10 Newegg Gift Card for $129.99 + FS,$129.99,1,2
https://static.slickdealscdn.com/attachment/3/6/9/5/2/8/200x200/9885625.thumb,,1000' Monoprice Cat6 Solid 550MHz 23AWG Pure Bare Copper Wire Ethernet Cable,$90,112,160
https://static.slickdealscdn.com/attachment/2/2/8/8/7/6/7/9/200x200/9867289.thumb,Amazon,Bitdefender Total Security 2021 - 5 Devices | 1 year Subscription | PC/Mac | Activation Code by Mail $19.99,$19.99,7,3
https://static.slickdealscdn.com/attachment/2/7/1/5/6/3/0/1/200x200/9866893.thumb,Walmart,Asus ROG G512 Strix i7 RTX 2070 16GB/512GB Gaming Laptop - $1332.98,"$1,332.98",9,30
https://static.slickdealscdn.com/attachment/2/1/3/9/5/8/8/7/200x200/9867889.thumb,,,$79.99,0,0
https://static.slickdealscdn.com/attachment/2/2/0/5/3/200x200/9866899.thumb,Newegg,Select Newegg Customers: $10 off $50+ Coupon (YMMV),,4,0
https://static.slickdealscdn.com/attachment/2/7/1/5/6/3/0/1/200x200/9867427.thumb,Newegg,"SAMSUNG 860 EVO Series 2.5"" 1TB SATA III Internal SSD - $109.99",$109.99,0,1
https://static.slickdealscdn.com/attachment/2/7/8/6/8/0/5/1/200x200/9866155.thumb,,,$459,4,26
https://static.slickdealscdn.com/attachment/2/0/6/1/0/3/6/200x200/9865543.thumb,B&H Photo Video,"Microsoft Surface Laptop 3 13.5""-Intel Core i5-8GB-Platinum $769",$769,12,11
https://static.slickdealscdn.com/attachment/5/0/4/6/3/0/200x200/9866413.thumb,,imageCLASS D570 Monochrome All-In-One Laser Printer - Free Shipping $149,$149,2,2
https://static.slickdealscdn.com/attachment/2/7/6/4/9/3/2/7/200x200/9865957.thumb,Newegg,XPG SPECTRIX D60G  32GB (2x16GB) DDR4 3600MHz CL18 GREYRGB Desktop Memory $172.99,$172.99,2,4
https://static.slickdealscdn.com/attachment/2/7/3/5/3/5/1/3/200x200/9865279.thumb,Newegg,"34"" MSI Optix MAG341CQ 3440 x 1440 2K 100Hz DisplayPort HDMI DVI AMD FreeSync Anti-Flicker UltraWide Anti-Glare Backlit LED Curved Gaming Monitor for $369.99+F/S",$369.99,7,18
https://static.slickdealscdn.com/attachment/8/3/3/3/5/2/3/200x200/9864598.thumb,,Microsoft Surface Laptop 3 - 10th Gen Intel Core i5 - 2256 x 1504 Display - Windows 10 - Black - $799.99,$799.99,13,18
https://static.slickdealscdn.com/attachment/1/3/3/2/7/9/5/200x200/9865144.thumb,Amazon,"3-Piece TP Link Deco Mesh WiFi Systems: Deco S4 $130, Deco M3 $90, Deco M5 $150",$129.99,14,15
https://static.slickdealscdn.com/attachment/2/7/3/5/3/5/1/3/200x200/9865351.thumb,Newegg,Polycom Obihai Technology OBi212 Universal Voice Adapter FOR $69.99+F/S,$69.99,2,3
https://static.slickdealscdn.com/attachment/2/4/3/3/7/0/3/4/200x200/9864406.thumb,Amazon,Amazon - NETGEAR C7000-NAS Nighthawk AC1900 WIFI Cable Modem Router at $125.99,$125.99,6,16
https://static.slickdealscdn.com/attachment/2/3/3/8/8/0/3/1/200x200/9863158.thumb,Best Buy,"Microsoft Surface Laptop 3 13.5"" All Colors - $900",$899.99,27,39
https://static.slickdealscdn.com/attachment/8/2/9/8/0/9/5/200x200/9863845.thumb,,Y44w-10A18434LY0-43-4''-Gaming Monitor 144hz (Military/Veterans/Reservist + Immediate Family Members/Doctors/Nurses/Teachers)DISPLAY:3840x1200 Lowest Price all steps. $705,$705,11,21
https://static.slickdealscdn.com/attachment/2/2/8/1/0/6/5/7/200x200/9863635.thumb,,"HP EliteDesk 800 G3 SFF Desktop PC - i5-7500 3.4GHz, 16GB DDR4, 512GB SSD, DVD-ROM, GigE, USB-C, Windows 10 Pro 64-bit (refurbished) $379.99 + Free Shipping",$379.99,9,52
https://static.slickdealscdn.com/attachment/2/1/5/9/2/1/2/0/200x200/9863422.thumb,Amazon,1Mii USB Bluetooth Dongle Adapter for PC Laptop Desktop Stereo $5.98 + FS,$5.98,11,10
https://static.slickdealscdn.com/attachment/5/4/8/0/7/1/200x200/9864409.thumb,Newegg,"Zalman MP1000S Gaming Mouse Pad | $6.19, ZALMAN CNPS2X 80mm Long Life Bearing CPU Cooler $15 & More + FS",$6.19,2,1
https://static.slickdealscdn.com/attachment/5/4/8/0/7/1/200x200/9864760.thumb,Newegg,Enermax CyberBron ECB500AWT 500W ATX12V 80 PLUS BRONZE Certified Non-Modular Power Supply $39.99 AR & More + Free Shipping,,1,2
https://static.slickdealscdn.com/attachment/2/2/8/1/0/6/5/7/200x200/9863803.thumb,Amazon,VicTsing Wireless Presenter Remote Laser Pointer $9.87 + FS w/ Prime or Orders $25+,$9.87,3,0
https://static.slickdealscdn.com/attachment/5/4/8/0/7/1/200x200/9861379.thumb,,KeepSolid VPN Unlimited Lifetime Infinity Plan Subscription (10 Devices),$29.40,70,172
https://static.slickdealscdn.com/attachment/4/1/3/5/6/4/200x200/9863464.thumb,Amazon,Amazon.com: TP-Link 8 Port Gigabit Ethernet Network Switch Sturdy Metal w/ Shielded Ports | Plug-and-Play | Traffic Optimization Unmanaged (TL-SG108) (Renew $16.99,$16.99,2,7
https://static.slickdealscdn.com/attachment/2/5/0/5/1/4/200x200/9862696.thumb,Newegg,QNAP 4-Bay Personal Cloud NAS TS-431K-US @Newegg $219,$219,6,9
https://static.slickdealscdn.com/attachment/5/4/8/0/7/1/200x200/9862636.thumb,Newegg,Antec NeoECO Classic NE550C V2 550W 80 PLUS Bronze Certified Power Supply | $29.99 AR & More + Free Shipping,,6,2
https://static.slickdealscdn.com/attachment/2/5/0/5/1/4/200x200/9862705.thumb,Newegg,ASUS RT-AX3000 AX3000 Wi-Fi 6 Wireless Dual-Band Gigabit Router $150,$149.99,4,13
https://static.slickdealscdn.com/attachment/3/8/0/3/8/5/8/200x200/9860065.thumb,,,$100 Credit,168,170
https://static.slickdealscdn.com/attachment/2/5/0/5/1/4/200x200/9862723.thumb,TigerDirect,HP P24q G4 WQHD IPS Monitor @TD $135,$135,3,2
https://static.slickdealscdn.com/attachment/1/8/6/2/2/8/2/200x200/9862333.thumb,Amazon,Mafiti Computer Office Keyboard Wired USB 104 Keys $11.99,$11.99,3,13
https://static.slickdealscdn.com/attachment/5/4/8/0/7/1/200x200/9862423.thumb,Newegg,RAIDMAX EXO ATX-108BR ATX Mid Tower Computer Case | $29.99 and More + Free Shipping,,2,0
https://static.slickdealscdn.com/attachment/2/0/8/5/7/1/200x200/9861913.thumb,Amazon,HP Printer Paper 8.5 x 11 | 20 lb - 1 ream - 500 Sheets | 92 Bright - $3.99,$3.99,5,6
https://static.slickdealscdn.com/attachment/2/5/4/4/0/5/8/4/200x200/9862681.thumb,,,$295,0,6
https://static.slickdealscdn.com/attachment/8/8/1/2/0/7/1/200x200/9860377.thumb,,Apple iPad Pro 11 - Space Gray (Early 2020) - 128gb $700,$700,12,11
https://static.slickdealscdn.com/attachment/9/5/3/2/3/200x200/9859321.thumb,Amazon,"Sabrent Rocket NVMe PCIe 4.0 SSDs: 2TB + Heatsink $320, 1TB",$150,32,68
https://static.slickdealscdn.com/attachment/4/1/3/5/6/4/200x200/9860665.thumb,Amazon,Amazon.com: TP-Link Litewave 5 Port Gigabit Ethernet Switch | Desktop Ethernet Splitter | Plastic Case Unshielded Plug & Play Fanless Quiet Unmanaged (LS1005 $12.99,$12.99,4,3
https://static.slickdealscdn.com/attachment/1/7/0/7/9/6/200x200/9859516.thumb,Newegg,Intel Core i9-10850K for $395+F/S,$395,7,5
https://static.slickdealscdn.com/attachment/5/4/8/0/7/1/200x200/9858919.thumb,Newegg,Rosewill ATX Mid Tower Gaming PC Computer Case with RGB Fan & LED Light Strip for $49.99 Shipped,,7,6
https://static.slickdealscdn.com/attachment/5/5/8/2/7/0/5/200x200/9857323.thumb,,"HP Laptop: Ryzen 7 4700U, 15.6"" 1080p, 16GB DDR4, 256GB SSD",$560,60,97
https://static.slickdealscdn.com/attachment/8/0/1/3/3/1/1/200x200/9857209.thumb,Target,Corsair MM300 Anti-Fray Cloth Gaming Mouse Pad (Extended),$17,103,89
https://static.slickdealscdn.com/attachment/2/5/0/5/1/4/200x200/9858151.thumb,Newegg,2TB Seagate Firecuda 520 Gen4 NVMe SSD @Newegg $342,$342,0,0
https://static.slickdealscdn.com/attachment/2/6/8/0/9/7/6/0/200x200/9857314.thumb,Walmart,"Omen by HP 15 FHD Gaming Laptop, Intel Core i7-10750H, NVIDIA GeForce GTX 1660 Ti 6GB, 8GB RAM, 1TB HDD + 256GB SSD, plus OMEN Mouse and Headset Bundle $899",$899,20,12
https://static.slickdealscdn.com/images/avatar-17.png,Amazon,"$110 HP Monitor 24mh 24"" IPS with Speakers/Adjusted Height at AMAZON",$110,4,6
https://static.slickdealscdn.com/images/avatar/sd/redesign/Star.png,,Logitech Precision Pro Wireless Mouse $19.99,$19.99,3,2
https://static.slickdealscdn.com/attachment/8/0/1/3/3/1/1/200x200/9857782.thumb,Amazon,B930 TKL Tenkeyless Optical Switch Gaming Keyboard by Bloody Gaming | Fastest Keyboard Switches in Gaming |TKL | RGB | Tactile & Clicky - Amazon - $59.99,$59.99,0,4
https://static.slickdealscdn.com/attachment/1/6/2/1/4/6/8/7/200x200/9856849.thumb,Micro Center,"Samsung Chromebook 4, 11.6"", Celeron N4000, 4GB RAM, 32GB eMMC, Microcenter $159.99",$159.99,10,9
https://static.slickdealscdn.com/attachment/2/7/3/5/3/5/1/3/200x200/9856876.thumb,Newegg,Rosewill CL-AD-DP2DVI-6-BK DP DisplayPort to DVI Video Adapter Converter for $3.25 + f/s,$3.24,5,1
https://static.slickdealscdn.com/attachment/8/1/1/7/6/1/1/200x200/9856657.thumb,eBay,"43"" LG 43UN700T-B 4K UHD 3840x2160 IPS USB-C HDR 10 Monitor $529.99 + Free Shipping",$529.99,7,12
https://static.slickdealscdn.com/attachment/1/6/7/9/8/1/2/200x200/9871027.thumb,,"Active Military/Vets: 13"" MacBook Air (Late 2020): M1 Chip, 8-Core GPU, 512GB SSD",$1099,88,185
https://static.slickdealscdn.com/attachment/5/4/8/0/7/1/200x200/9856774.thumb,Newegg,Rivet Networks Killer AX1650 PCI Express Card - Up to 2.4 Gbps of Wireless Throughput $30 + FS,$29.99,4,0
https://static.slickdealscdn.com/attachment/3/8/0/3/8/5/8/200x200/9854374.thumb,Amazon,"Amazon: Select Discover Cardholders: Add Discover Card, Make Purchase $10.01+",$10 Off,138,87
https://static.slickdealscdn.com/attachment/2/6/2/5/7/9/4/0/200x200/9855775.thumb,Amazon,SunFounder Robotics Kit 4-DOF Dancing Sloth for Arduino $44.99,$44.99,3,0
https://static.slickdealscdn.com/attachment/8/9/1/4/8/200x200/9854845.thumb,,,$120,12,27
https://static.slickdealscdn.com/attachment/2/5/0/5/1/4/200x200/9855355.thumb,Newegg,16GB (2x 8) Patriot Viper 4 Blackout DDR4 4000 Desktop RAM kit @Newegg $105,$104.99,0,3
https://static.slickdealscdn.com/attachment/5/4/8/0/7/1/200x200/9854332.thumb,Newegg,Microsoft Office Home & Student 2019 / Gaming Mouse Combo Deals: Starting at $83.98,,0,1
https://static.slickdealscdn.com/attachment/5/9/1/5/3/9/200x200/9853270.thumb,Amazon,"Amazon.com: VicTsing Bluetooth Wireless Mouse, Connect 3 Devices, Slim Silent Mouse, 5 DPI High $9.99",$9.99,0,2
https://static.slickdealscdn.com/attachment/2/0/9/7/1/5/6/4/200x200/9851776.thumb,Micro Center,Intel Core i7-10700K Comet Lake 3.8GHz Eight-Core LGA 1200 Boxed Processor - $279.99,$279.99,8,14
https://static.slickdealscdn.com/attachment/5/4/8/0/7/1/200x200/9853474.thumb,Newegg,ASUS PCE-AC88 AC3100 4x4 802.11AC PCIe Adapter $85 AC + FS,$84.99,2,11
https://static.slickdealscdn.com/attachment/8/5/6/4/0/3/5/200x200/9852148.thumb,Amazon,"Save $30 on AVerMedia - Live Streamer Duo Webcam Gaming Capture Card Bundle, Plug and Play, Records in 1080p30, Podcasting, Livestreaming Built in Microphones(BO311D) $129.99",$129.99,3,5
https://static.slickdealscdn.com/attachment/2/0/1/4/4/3/200x200/9851416.thumb,Newegg,"Amazon.com - MSI GF65 Gaming Laptop: i7-10750H, 15.6"" FHD 144hz IPS 3ms, RTX 3060 MAX-Q, 512GB SSD, Win 10 + Free S/H $1199","$1,249",23,36
https://static.slickdealscdn.com/attachment/3/8/0/3/8/5/8/200x200/9853852.thumb,,Monoprice Dark Matter Aether Optical RGB Mechanical Keyboard (LightStrike LK Red),$50,39,54
https://static.slickdealscdn.com/attachment/7/6/9/2/7/0/7/200x200/9850801.thumb,Walmart,"Gateway Creator 15.6"" Laptop: Ryzen 5 4600H, 8GB DDR4, 256GB SSD, GTX 1650",$599,69,109
https://static.slickdealscdn.com/images/avatar/monkey.gif,Amazon,"LG 27GL850-B 27"" Ultragear QHD Nano IPS 1ms G-Sync Compatible Gaming Monitor - $429",$429,0,1
https://static.slickdealscdn.com/attachment/3/9/8/9/8/2/200x200/9850372.thumb,,"14.1-inch Gateway Ultra Slim Laptop, FHD, 10th Gen i5, 16GB RAM, 256GB SSD (Grade A Refurb) $350.10 + FS",$350.10,42,40
https://static.slickdealscdn.com/attachment/7/3/2/2/8/6/2/200x200/9851632.thumb,Amazon,OMOTON  Bluetooth Keyboard for Samsung Tablet $13.49 + Free Shipping,$13.49,2,5
https://static.slickdealscdn.com/images/avatar-17.png,Amazon,Microsoft Arc Bluetooth Mouse (ELG-00001-Black) $44.95,$44.95,1,4
https://static.slickdealscdn.com/attachment/5/4/8/0/7/1/200x200/9851434.thumb,Newegg,"ASUS USB-N13 C1 300Mbps USB Wireless Adapter, Supports WEP, WPA, WPA2 WPA3 encryption standards (USB-N13 C1) $8 AR + FS",$14.99,3,0
https://static.slickdealscdn.com/attachment/2/1/6/3/5/3/2/6/200x200/9850165.thumb,Amazon,"Altec Lansing LifeJacket XL Jolt, Waterproof, Shockproof speaker, 20 Hour Battery Life $70 @ Amazon",$69.99,22,21
https://static.slickdealscdn.com/attachment/2/3/1/7/2/7/2/1/200x200/9850114.thumb,,Microsoft Surface Pen $63.99,$69.99,21,17
https://static.slickdealscdn.com/attachment/5/4/8/0/7/1/200x200/9851179.thumb,Newegg,Cooler Master 550W / 650W Power Supply - $59.99 AR and More + FS,$59.99,3,0
https://static.slickdealscdn.com/attachment/5/5/8/2/7/0/5/200x200/9849844.thumb,Newegg,"GIGABYTE G5 Gaming Laptop: 15.6'' FHD 240Hz IPS, i5-10500H 6 Core, 16GB DDR4, 512GB PCIe SSD, RTX 3060, Win10H @ $1099 + F/S (Release Dt:3/2/21)","$1,099",17,49
https://static.slickdealscdn.com/attachment/9/5/3/2/3/200x200/9851272.thumb,B&H Photo Video,"Adobe Photoshop Elements 2021 (DVD, Mac/Windows) $60 + free s/h",$59.99,0,0
https://static.slickdealscdn.com/attachment/2/2/8/1/0/6/5/7/200x200/9851134.thumb,,"Lenovo ThinkPad E14 Gen 2 20T6 11th Gen 15, 8GB RAM, 256GB SSD - $789.99 + Free Shipping",$789.99,1,1
https://static.slickdealscdn.com/attachment/avatar/4/9/5/6/5/4/8/17x17/avatar.static?dateline=1552017772,Amazon,"Gigabyte M27Q 27"" 170Hz 1440P KVM Gaming Monitor, 2560 x 1440 SS IPS Display, 0.5ms (MPRT) Response Time $319",$319,0,1
https://static.slickdealscdn.com/attachment/2/1/5/9/2/1/2/0/200x200/9850477.thumb,TigerDirect,"Samsung SH850 Series Monitor - 23.8"" - $199 after $30 Coupon + Free Shipping",$199,0,0
https://static.slickdealscdn.com/attachment/5/4/8/0/7/1/200x200/9848839.thumb,Amazon,"ZAGG Messenger Folio Tablet Keyboard & Case for 11"" Apple iPad Pro",$18,29,24
https://static.slickdealscdn.com/attachment/2/5/0/5/1/4/200x200/9849583.thumb,Newegg,NETGEAR WAX204-100NAS AX1800 Access Point @Newegg $70,$70,1,0
https://static.slickdealscdn.com/attachment/2/5/0/5/1/4/200x200/9849580.thumb,Newegg,Cooler Master MasterBox NR400 Tempered Glass mATX Case w/ Front Mesh Ventilation @Newegg (AR) $55,$55,1,0
https://static.slickdealscdn.com/attachment/1/2/1/1/0/5/2/8/200x200/9849526.thumb,Newegg,Arozzi VX-800 White Digital Performance Eyewear - $39.99,$39.99,0,0
https://static.slickdealscdn.com/attachment/4/4/7/6/9/9/4/200x200/9850888.thumb,B&H Photo Video,Intel NUC - 10i7FNH Tall Version - Frost Canyon - 444.99+tax @ B&H $444.99,$444.99,22,48
https://static.slickdealscdn.com/attachment/6/4/0/8/8/9/5/200x200/9848464.thumb,,,$199,11,3
https://static.slickdealscdn.com/attachment/5/4/8/0/7/1/200x200/9848761.thumb,Amazon,MSI MAG CORELIQUID 360R - AIO RGB CPU Liquid Cooler - Rotating Cap Design - 360mm Radiator - Triple 120mm RGB PWM Fans $119.99 + FS,,4,0
https://static.slickdealscdn.com/attachment/2/1/5/9/2/1/2/0/200x200/9848824.thumb,,The Master Learn to Code 2021 Certification Bundle (Lifetime Access) $21,$21,2,0
https://static.slickdealscdn.com/attachment/9/6/0/0/4/8/200x200/9847765.thumb,Amazon,400GB SanDisk Ultra UHS-1 MicroSDXC Memory Card w/ Adapter,$45,72,117
https://static.slickdealscdn.com/attachment/4/0/0/7/8/4/200x200/9847546.thumb,Walmart,Klipsch ProMedia 2.1 THX Computer Speakers (Black)  B&M YMMV. $90,$90,107,76
https://static.slickdealscdn.com/attachment/2/5/0/5/1/4/200x200/9848101.thumb,Newegg,32GB (2x 16) AData XPG Z1 DDR4 3000 Desktop RAM Kit Silver + $15GC @Newegg $125,$125,5,0
https://static.slickdealscdn.com/attachment/5/5/8/2/7/0/5/200x200/9848110.thumb,Amazon,Acer Nitro XV272U Pbmiiprzx 27'' WQHD 144 Hz IPS FReeSync 1ms VRB Response Time VESA HDR400 Monitor /w Speaker & USB Hub @ $299.99 + F/S,$299.99,2,4
https://static.slickdealscdn.com/attachment/5/5/8/2/7/0/5/200x200/9847048.thumb,Best Buy,"ASUS ROG Zephyrus Laptop: Ryzen 9 5900HS, 14"" 144Hz, 1TB SSD, RTX 3060 Max-Q",$1500,111,194
https://static.slickdealscdn.com/attachment/2/7/7/4/5/5/1/9/200x200/9847138.thumb,Target,Seagate Backup Plus Ultra Touch 2TB USB-C and USB 3.0 External Hard Drive - White (STHH2000402) - YMMV $44.99,$44.99,43,79
https://static.slickdealscdn.com/attachment/5/4/8/0/7/1/200x200/9847624.thumb,,The 2021 Complete CompTIA Certification Prep Super Bundle (Lifetime Access) $41.40,,5,4
https://static.slickdealscdn.com/attachment/2/6/4/0/1/1/5/4/200x200/9847150.thumb,Amazon,Apple Magic Keyboard for iPad Air (4th Generation) and iPad Pro 11-inch (2nd Generation) - US English - $199,$199,6,1
https://static.slickdealscdn.com/attachment/6/4/9/5/4/7/200x200/9847510.thumb,Amazon,Apple Smart Folio (for 10.9-inch iPad Air - 4th Generation) - $39 white only,$39,2,2
https://static.slickdealscdn.com/attachment/5/4/8/0/7/1/200x200/9847672.thumb,Newegg,"Dell G515 Gaming Laptop: Intel i7-10750H 6-Core, 32GB RAM, 1TB PCIe SSD, 15.6"" Full HD (1920x1080), NVIDIA GTX 1650 Ti for $1099.00 + Free Shipping",,0,20
https://static.slickdealscdn.com/images/avatar-17.png,Amazon,"60% mechanical keyboard Silver or Yellow Gateron Optical Switches, RGB Backlit Wired PBT Keycap - $54.99",$54.99,0,1
https://static.slickdealscdn.com/attachment/8/2/3/8/8/8/7/200x200/9846763.thumb,B&H Photo Video,"Dell U2417H 24"" 16:9 IPS Monitor @ $164.95 + Free Shipping",$164.95,2,3
https://static.slickdealscdn.com/attachment/2/8/9/9/2/0/200x200/9846103.thumb,Amazon,"AUKEY Mechanical Keyboard LED Backlit Gaming Keyboard with Blue Switches, 104 Keys $32",$31.99,11,10
https://static.slickdealscdn.com/attachment/2/6/8/0/9/7/6/0/200x200/9846124.thumb,,For students -Acer Nitro 5 Gaming Laptop-Ryzen 7 4800H-GTX 1650Ti - 16 GB DDR4 SDRAM- 512 GB SSD-15.6” IPS $810,$810,0,6
https://static.slickdealscdn.com/attachment/2/6/8/0/9/7/6/0/200x200/9845407.thumb,Newegg,"ROG Zephyrus G15 - 15.6"" 240Hz - GeForce RTX 2060 Max-Q- AMD Ryzen 9 4900HS - 16GB DDR4 - 1TB PCIe SSD - Win 10 Home - Ultra Slim Gaming Laptop (GA502IV-PH96) $1299","$1,299",15,38
https://static.slickdealscdn.com/images/avatar-17.png,Amazon,GL.iNet GL-AR750S-Ext Gigabit AC VPN Travel Router - $54.90 + FS,$54.90,3,10
https://static.slickdealscdn.com/attachment/5/4/8/0/7/1/200x200/9845158.thumb,Newegg,"GIGABYTE G27Q 27"" 144Hz 1440P Gaming Monitor, 2560 x 1440 IPS Display, 1ms (MPRT) Response Time for $299.99 + FS",$299.99,9,8
https://static.slickdealscdn.com/attachment/8/6/6/3/0/200x200/9844291.thumb,,Monoprice Select Series USB-C HDMI Multiport Adapter,$12,53,56
https://static.slickdealscdn.com/images/avatar/monster.gif,,"COSTCO: Razer Blade Base Edition laptop with 15"" 4K OLED screen, i7/16GB/512GB $1699","$1,699",3,9
https://static.slickdealscdn.com/attachment/5/4/8/0/7/1/200x200/9844747.thumb,Newegg,DEEPCOOL Gamer Storm CAPTAIN 240X RGB AIO Liquid CPU Cooler | $86.99 + Free Shipping,$86.99,5,2
https://static.slickdealscdn.com/attachment/8/6/6/3/0/200x200/9844375.thumb,Newegg,"27"" Gigabyte G27FC 1080p 165Hz VA 1500R FreeSync Curved Gaming Monitor $189.99 + Free Shipping via Newegg",$189.99,8,2
https://static.slickdealscdn.com/attachment/5/4/8/0/7/1/200x200/9845350.thumb,Newegg,"ASUS ZenBook 14 Laptop [14"" FHD, Intel Core i7-10510U, 8 GB RAM, 512 GB PCIe SSD, NVIDIA GeForce MX250] | $699.99 + Free Shipping",$699.99,1,5
https://static.slickdealscdn.com/attachment/3/7/1/3/7/4/0/200x200/9844648.thumb,,Adobe Creative Cloud retention offers: 60 days free or $19.99/month for a year (YMMV for existing subscribers),$19.99,5,4
https://static.slickdealscdn.com/attachment/5/4/8/0/7/1/200x200/9844024.thumb,Amazon,"Rosewill RGB Waterproof Membrane Mechanical Gaming Keyboard, 8 LED Backlit Modes with 19-Key Anti-Ghosting, Aluminum Frame $29.99",$29.99,11,6
https://static.slickdealscdn.com/attachment/5/4/8/0/7/1/200x200/9844084.thumb,Amazon,Intel Core i7-10700KF + GIGABYTE Z490 AORUS Elite AC  $578.98 + FS,$578.98,9,22
https://static.slickdealscdn.com/attachment/1/1/8/5/3/5/8/4/200x200/9843901.thumb,B&H Photo Video,AMD Ryzen Threadripper 2950X 3.5 GHz 16-Core sTR4 Processor $620,$619.99,9,31
https://static.slickdealscdn.com/attachment/1/3/5/4/1/2/200x200/9843712.thumb,Amazon,Aukey 104-Key Mechanical Backlit Gaming Keyboards (Red/Blue switches) $32,$32,16,0
https://static.slickdealscdn.com/attachment/2/0/5/7/9/2/3/6/200x200/9843790.thumb,B&H Photo Video,Fujitsu ix1500 Document Scanner (refurb) $279,$279,7,4
https://static.slickdealscdn.com/attachment/5/4/8/0/7/1/200x200/9843535.thumb,Amazon,"Rosewill ATX Mid Tower Gaming PC Computer Case with Blue LED Fans, 3 Sided Tempered Glass, 360mm AIO Water Cooling Radiator Support, CULLINAN MX BLUE for $69.99",$69.99,5,0
https://static.slickdealscdn.com/attachment/5/4/8/0/7/1/200x200/9843016.thumb,Amazon,GIGABYTE BRIX GB-BRi7-10710 (Ultra Compact Mini PC/Dual SO-DIMM DDR4/Intel UHD Graphics 620/6xUSB 3.2 Gen2/ Intel Wireless-AC 3168/HDMI (2.0A) WiFi & Bluetooth $509.99,,5,13
https://static.slickdealscdn.com/attachment/2/5/0/5/1/4/200x200/9842428.thumb,Newegg,EVGA CLC 240mm AIO RGB Liquid Cooler @Newegg $79,$79,6,11
https://static.slickdealscdn.com/attachment/2/1/5/9/2/1/2/0/200x200/9842716.thumb,,"Lenovo C27-20 27"" Full HD WLED LCD IPS 75Hz FreeSync Gaming Monitor $149.99 + Free Shipping",$149.99,2,2
https://static.slickdealscdn.com/attachment/5/4/8/0/7/1/200x200/9843103.thumb,Newegg,"ASUS VivoBook S15 S532 Laptop 15.6"" FHD, Intel Core i5-10210U CPU, 8 GB DDR4 RAM, 512GB PCIe SSD: Starting at $679.99 + Free Shipping",,1,1
https://static.slickdealscdn.com/attachment/1/3/3/5/0/7/5/5/200x200/9841963.thumb,Amazon,Crucial 1 TB portable SSD X8 124.95 X6 $104.93,$104.95,18,7
https://static.slickdealscdn.com/images/avatar-17.png,,,$14.99,0,1
https://static.slickdealscdn.com/attachment/6/9/7/5/3/8/7/200x200/9841825.thumb,,Microsoft Surface Pro 7 Bundle - 10th Gen Core i7 - 16GB RAM - 256 GB SSD - Windows 10 - Black - Pen and cover bundle - $1149.99,"$1,149.99",19,8
https://static.slickdealscdn.com/attachment/2/5/0/5/1/4/200x200/9842431.thumb,Newegg,DEEPCOOL GAMMAXX GTE V2 CPU Cooler For Intel/AMD @Newegg $24.49,$24.49,0,0
https://static.slickdealscdn.com/attachment/5/4/8/0/7/1/200x200/9842116.thumb,Newegg,"GIGABYTE G27FC 27"" 165Hz 1080P Curved Gaming Monitor, 1920 x 1080, 1ms (MPRT) Response Time, 90% DCI-P3, FreeSync Premium for $209.99",$209.99,5,2
https://static.slickdealscdn.com/attachment/2/2/8/1/0/6/5/7/200x200/9841636.thumb,,CyberPower 1500VA/900W AVRLCD Mini Tower UPS – Refurbished - $99.99 + Free Shipping,$99.99,4,15
https://static.slickdealscdn.com/attachment/5/4/8/0/7/1/200x200/9840643.thumb,Amazon,"GIGABYTE AORUS NVMe Gen4 M.2 2TB PCI-Express 4.0 Interface High Performance Gaming, Full Body Copper Heat Spreader, Toshiba 3D NAND, DDR Cache Buffer SSD $359.99 + FSSS",$359.99,11,17
https://static.slickdealscdn.com/attachment/6/4/0/8/8/9/5/200x200/9840637.thumb,,,$519,11,14
https://static.slickdealscdn.com/attachment/2/7/0/6/6/6/7/6/200x200/9843409.thumb,,Samsung's T7 1TB SSD Storage with 128gb flash drive for $163.29,$163.29,1,1
https://static.slickdealscdn.com/attachment/7/9/4/3/1/5/200x200/9840457.thumb,,NBA 2K20 mobile - $1.99,$1.99,5,1
https://static.slickdealscdn.com/attachment/5/4/8/0/7/1/200x200/9841561.thumb,Newegg,IOCrest SI-PEX40064 PCI-Express 2.0 Low Profile Ready SATA III (6.0 Gb/s) Controller Card $22.99 AC + FS,$22.99,0,3
https://static.slickdealscdn.com/attachment/2/5/9/3/4/3/8/7/200x200/9841015.thumb,Walmart,Apple Magic Keyboard for 11-inch iPad Pro (2nd generation) - US English - Walmart.com - $199,$199,1,0
https://static.slickdealscdn.com/images/avatar-17.png,Best Buy,"ADATA - 15.6"" Gaming Laptop - Intel Core i7 - 32GB Memory - NVIDIA GeForce RTX 2070 Max-Q - 1TB SSD - Black - $1499","$1,499",0,1
https://static.slickdealscdn.com/attachment/2/7/7/9/8/3/3/7/200x200/9839107.thumb,,Balance Meditation 1 Year Free Subscription ($69.99 after one year),,11,4
https://static.slickdealscdn.com/attachment/5/4/8/0/7/1/200x200/9839665.thumb,Newegg,TP-Link Archer A6 AC1200 Wireless MU-MIMO Gigabit Router $39.99 AC + FS,$39.99,4,1
https://static.slickdealscdn.com/attachment/2/2/8/1/0/6/5/7/200x200/9839419.thumb,TigerDirect,CyberPower 950VA/510W Standby 12 Outlet UPS w/USB – Refurbished - $49.99 + Free Shipping,$49.99,5,2
https://static.slickdealscdn.com/images/avatar-17.png,,,$120,9,18
https://static.slickdealscdn.com/attachment/5/4/8/0/7/1/200x200/9838348.thumb,Newegg,Super Flower Leadex Platinum 850W 80+ Platinum Full Modular Power Supply | $159.99 plus Free Shipping and More,$159.99,8,12
https://static.slickdealscdn.com/attachment/1/9/2/4/8/9/6/200x200/9836455.thumb,,,$99,212,381
https://static.slickdealscdn.com/attachment/7/3/7/4/2/7/1/200x200/9838135.thumb,Amazon,Micro Center 5 Pack 64GB USB 3.0 Flash Drive Gum Size Memory Stick $25.19,$25.19,10,4
https://static.slickdealscdn.com/images/avatar-17.png,,,$29,6,2
https://static.slickdealscdn.com/attachment/4/9/3/8/4/2/6/200x200/9838000.thumb,,Intel Core i7-9700K LGA 1151 $ 220 @ MicroCenter $220,$220,5,4
https://static.slickdealscdn.com/attachment/2/5/0/5/1/4/200x200/9837730.thumb,Newegg,Cooler Master Hyper 212 EVO V2 120mm PWM CPU Cooler @Newegg (AR) $28;  ML240L AIO / $55AR,$28,6,3
https://static.slickdealscdn.com/attachment/avatar/5/4/8/0/7/1/17x17/avatar.static?dateline=1428913550,Newegg,Cooler Master MasterLiquid ML120L RGB Close-Loop CPU Liquid Cooler | $49.99 (after Mail-in Rebate) + Free Shipping,,0,0
https://static.slickdealscdn.com/attachment/5/4/8/0/7/1/200x200/9837148.thumb,Newegg,"Lenovo L24q-30 23.8"" WQHD WLED 2560 x 1440 LCD Monitor - $149.99 + FS",$149.99,8,9
https://static.slickdealscdn.com/attachment/1/5/9/8/7/5/200x200/9837988.thumb,,WD My Cloud Expert Series EX2 Ultra NAS enclosure $114 @WD EPP shop,$114,4,23
https://static.slickdealscdn.com/attachment/6/1/8/3/8/9/200x200/9837373.thumb,,"Samsung 49"" Odyssey G9 Gaming Monitor $1,133.99 for Employee Discount Program (EDP) $1133.99","$1,133.99",26,109
https://static.slickdealscdn.com/attachment/2/2/8/1/0/6/5/7/200x200/9836785.thumb,,The All-In-One 2021 Super-Sized Ethical Hacking Bundle (Lifetime Access) $25.80,$25.80,4,0
https://static.slickdealscdn.com/attachment/6/8/6/5/6/8/1/200x200/9836155.thumb,Best Buy,"Alienware AW2720HF 27"" IPS LED FHD FreeSync and G-SYNC Compatible Monitor (DisplayPort, HDMI, USB) Black GY2XK - Best Buy $379.99",$379.99,5,10
https://static.slickdealscdn.com/attachment/avatar/5/4/8/0/7/1/17x17/avatar.static?dateline=1428913550,Amazon,"Rosewill 100W Hub for MacBook, USB-C 3.2 Gen 2 10Gbps 4K 60hz HDR, Thunderbolt 3 Compatible $39.99 + FSSS",$39.99,0,5
https://static.slickdealscdn.com/attachment/2/1/7/9/0/7/0/5/200x200/9836842.thumb,,Netgear Nighthawk cable modem router  - $149,$149,1,6
https://static.slickdealscdn.com/attachment/3/2/5/3/5/5/200x200/9836326.thumb,Amazon,LapGear Sidekick Laptop Lap Desk w/ Phone Holder (Gray),$15,40,35
https://static.slickdealscdn.com/attachment/2/3/5/3/2/9/4/9/200x200/9835000.thumb,Amazon,Logitech G703 Lightspeed Wireless Gaming Mouse With Hero 25K Sensor - $69.99,$69.99,12,12
https://static.slickdealscdn.com/attachment/1/9/8/4/6/2/1/0/200x200/9834223.thumb,Amazon,"AData SX8200 Pro SSD - 500GB for $55, 1TB for $105, 2TB for $210",$54.99,22,43
https://static.slickdealscdn.com/images/avatar-17.png,,"Motorola Moto E6 5.5"" HD+ Display Tracfone w/1500 Minutes/Texts/Data $50",$50,2,15
https://static.slickdealscdn.com/attachment/2/7/7/1/4/3/3/7/200x200/9834739.thumb,Amazon,"Amazon Basics Aluminum 3-Port USB 3.0 Hub with 10/100/1000 Mbps RJ45 Gigabit Ethernet Port, Gold $17.24",$17.24,0,2
https://static.slickdealscdn.com/images/avatar/sd/redesign/Hot-Deals.gif,Dell Home & Office,Samsung 870 EVO MZ-77E250B - Solid state drive - encrypted - 250 GB - internal - SATA 6Gb/s - 256-bit AES | Dell USA - $39,$39,5,3
https://static.slickdealscdn.com/images/avatar-17.png,Walmart,"Lenovo Y540 15 15.6"" FHD, Intel Core i7-9750h, NVIDIA GeForce RTX 2060, 16gb Ram, 512GB SSD, Black, Windows 10, 81SX015GUS $949",$949,0,1
https://static.slickdealscdn.com/attachment/3/2/4/5/4/2/200x200/9834454.thumb,,Netgear Nighthawk AX6000 Wifi 6 Router RAX120 $339.99,$339,0,6
https://static.slickdealscdn.com/attachment/5/4/8/0/7/1/200x200/9833287.thumb,Newegg,"GIGABYTE AORUS 7 - 17.3"" 144 Hz - Intel Core i7-10750H - GeForce RTX 2060 - 16GB Memory - 512 GB SSD - Windows 10 Home - Gaming Laptop $1049 AR",,6,3
https://static.slickdealscdn.com/attachment/avatar/5/4/8/0/7/1/17x17/avatar.static?dateline=1428913550,Amazon,Neewer Desktop Webcam Stand for Logitech - $17.91 + FSSS,,5,1
https://static.slickdealscdn.com/images/avatar/sd/redesign/Repped.png,Best Buy,New Super Lucky’s Tale $19.99,$19.99,4,3
https://static.slickdealscdn.com/attachment/4/8/2/3/7/7/200x200/9866395.thumb,,"43"" LG 43UN700T-B 4K UHD 3840x2160 IPS USB-C HDR 10 Monitor",$499,104,274
https://static.slickdealscdn.com/attachment/5/4/8/0/7/1/200x200/9832441.thumb,Newegg,"GIGABYTE AORUS 5 - 15.6"" 144Hz - Intel Core i7-10750H - GeForce RTX 2060 - 16 GB DDR4 - 512GB SSD - Windows 10 Home -Gaming Laptop for $999",,14,9
https://static.slickdealscdn.com/images/avatar/sd/redesign/Deal-Tag.png,Newegg,Tower Gaming Computer Case w/Tempered Glass Panel and Addressable RGB LED Strip $39.99,$39.99,0,0
https://static.slickdealscdn.com/attachment/2/5/0/5/1/4/200x200/9832759.thumb,Newegg,DIYPC DIY-A1-BK Black Tempered Glass USB 3.0 Mid Tower Case (+$5 GC) @Newegg $39,$38.94,5,0
https://static.slickdealscdn.com/attachment/2/5/0/5/1/4/200x200/9831337.thumb,Newegg,Seagate Exos X10 10TB Enterprise Drive @Newegg $205,$205,9,18
https://static.slickdealscdn.com/attachment/2/5/0/5/1/4/200x200/9830965.thumb,,Intel Core i7-10700K 8-Core 3.8 GHz LGA 1200 125W CPU (w/ ASUS PRIME Z490-A LGA/$480) @MC (pickup) $280,$280,17,14
https://static.slickdealscdn.com/attachment/5/4/8/0/7/1/200x200/9830929.thumb,Newegg,DEEPCOOL GAMMAXX 200T-CPU Cooler 2 Direct Heat Pipes 120mm PWM Fan - $12.99 AC,,9,8
https://static.slickdealscdn.com/attachment/9/5/3/9/1/0/200x200/9830911.thumb,Micro Center,Intel Core i5-10600K Comet Lake 4.1GHz Six-Core LGA 1200 Boxed Processor - In Store Only - $189.99,$189.99,10,6
https://static.slickdealscdn.com/attachment/5/4/8/0/7/1/200x200/9830941.thumb,Amazon,VicTsing 1080P HD Webcam with Microphone & Privacy Cover $19.97 AC + FSSS,,5,2
https://static.slickdealscdn.com/images/avatar-17.png,Costco Wholesale,"Costco: MSI GL75 Leopard, 17.3"" 144hz 3ms 100% sRGB, i7-10750h, 1660ti, 256GB + 1TB, 16GB, $950",$950,1,5
https://static.slickdealscdn.com/attachment/1/1/8/3/2/4/1/2/200x200/9830125.thumb,Walmart,Netgear Nighthawk AX3000 4 stream WiFi 6 router - WalMart B&M - YMMV - $60,$60,28,93
https://static.slickdealscdn.com/attachment/1/2/6/2/1/1/7/6/200x200/9829585.thumb,Amazon,"SAMSUNG T5 Portable SSD 1TB, USB 3.1 External Solid State Drive, Free Prime Shipping $120",$120,16,19
https://static.slickdealscdn.com/attachment/1/2/3/6/5/1/6/0/200x200/9830044.thumb,,Inland USB 3.1 SSD 960gb $89.99,$89.99,6,0
https://static.slickdealscdn.com/attachment/1/5/6/3/8/4/4/3/200x200/9830704.thumb,Newegg,ASUS Laptop VivoBook S14 Intel Core i7 10th Gen - Newegg.com $599,$599,0,0
https://static.slickdealscdn.com/attachment/5/4/8/0/7/1/200x200/9830080.thumb,Newegg,"Antec Value Power Series VP550 Plus, 550W Non-Modular, 80 PLUS Certified Power Supply - $24.99 (after Mail-in Rebate) + Free Shipping",,3,7
https://static.slickdealscdn.com/attachment/5/4/8/0/7/1/200x200/9828727.thumb,Newegg,"Antec NeoECO Classic NE550C V2, 550W 80 PLUS Bronze Certified Power Supply - $29.99 (after $30 Mail-in Rebate) + Free Shipping",$29.99,14,4
https://static.slickdealscdn.com/images/avatar-17.png,Best Buy,Recycle and Save Networking 15% off,,1,1
https://static.slickdealscdn.com/attachment/5/4/8/0/7/1/200x200/9830095.thumb,eBay,500GB ADATA XPG Spectrix S20G RGB PCIe NVME M.2 2280 Internal Solid State Drive $59.99 + FS,,0,1
https://static.slickdealscdn.com/attachment/1/3/1/9/1/5/1/1/200x200/9829231.thumb,,"HP OMEN 15.6"" Laptop - 10th Gen Intel Core i7-10750H - GeForce RTX 2070 Max Q - 144Hz 1080p - $1199","$1,199",3,3
https://static.slickdealscdn.com/images/avatar-17.png,,"HP Pavilion Gaming Laptop-17, i7-9750H, GeForce® GTX 1660 Ti with Max-Q, 8 GB DDR4, 256 GB SSD 17.3” IPS display + F/S - $869",$869,0,0
https://static.slickdealscdn.com/attachment/2/3/0/8/1/8/3/6/200x200/9828139.thumb,eBay,Samsung SE450 Series 21.5 inch FHD 1920x1080 Desktop Monitor VESA (VGA / DVI / DisplayPort) - $69.99 With Free Shipping @ HP Store via Ebay.com,$69.99,12,5
https://static.slickdealscdn.com/attachment/1/8/0/2/2/8/0/200x200/9828553.thumb,Best Buy,"Lenovo - Yoga C940 2-in-1 14"" 4K Ultra HD Touch-Screen Laptop - Intel Core i7 - 16GB Memory - 512GB SSD + 32GB Optane - OPEN BOX YMMV $774.99",$774.99,16,34
https://static.slickdealscdn.com/attachment/2/5/0/5/1/4/200x200/9828310.thumb,Newegg,Intel Core i5-10600K Comet Lake 6-Core 4.1 GHz Desktop Processor @Newegg $225,$224.99,6,0
https://static.slickdealscdn.com/attachment/2/5/0/5/1/4/200x200/9828358.thumb,Newegg,Corsair iCUE H115i RGB Pro XT 280mm Liquid CPU Cooler @Newegg $105,$104.99,3,0
https://static.slickdealscdn.com/attachment/3/1/1/2/6/1/4/200x200/9826831.thumb,Costco Wholesale,Costco Members:  MSI GE75 Raider Gaming Laptop - 10th Gen Intel Core i7-10750H - GeForce RTX 2060 - 1080p $1108.99,"$1,108.99",31,70
https://static.slickdealscdn.com/attachment/4/9/0/8/0/200x200/9828193.thumb,Costco Wholesale,SanDisk Extreme 1TB Portable Solid State Drive $119.99 Shipped at Costco,$119.99,9,13
https://static.slickdealscdn.com/attachment/2/7/7/0/7/8/0/9/200x200/9827512.thumb,Micro Center,Intel Core i7-10700 Comet Lake $250 (non-K) $300 (K) Store-pickup only,$250,10,4
https://static.slickdealscdn.com/attachment/5/4/8/0/7/1/200x200/9827371.thumb,Amazon,TP-Link Deco Mesh WiFi System 3-Pack Deco S4 $129.99 + FSSS,$129.99,8,0
https://static.slickdealscdn.com/attachment/2/5/0/5/1/4/200x200/9828415.thumb,Amazon,Amazon eero 6 Mesh Wifi Extender $71,$71,0,3
https://static.slickdealscdn.com/images/avatar-17.png,Best Buy,Logitech - G PRO X SUPERLIGHT Wireless Gaming Mouse - Black (Back in stock) $149.99,$149.99,1,2
https://static.slickdealscdn.com/attachment/9/5/3/9/1/0/200x200/9826501.thumb,Micro Center,Intel Core i5-10600K 4.1GHz Six-Core LGA 1200 Boxed Processor - In Store Only - $199.99,$199.99,3,1
https://static.slickdealscdn.com/attachment/8/6/6/3/0/200x200/9825910.thumb,,"49"" Monoprice Dark Matter 5120x1440 DQHD 120Hz Quantum Dot FreeSync VA Curved Gaming Monitor $849.99 + Free Shipping via Monoprice",$849.99,5,10
https://static.slickdealscdn.com/attachment/2/5/0/5/1/4/200x200/9826042.thumb,Newegg,5TB Toshiba S300 Surveillance Hard Drive @Newegg $105,$104.99,4,3
